model,who,n,ess_n
p1.0_r0.01_d5_s0,net,0,14.75
p1.0_r0.01_d5_s0,net,1,14.92
p1.0_r0.01_d5_s0,net,2,14.43
p1.0_r0.01_d5_s0,net,3,13.95
p1.0_r0.01_d5_s0,net,4,14.4
p1.0_r0.01_d5_s0,net,5,13.9
p1.0_r0.01_d5_s0,net,6,13.07
p1.0_r0.01_d5_s0,net,7,12.98
p1.0_r0.01_d5_s0,net,8,
p1.0_r0.01_d5_s0,net,9,
p1.0_r0.01_d5_s0,net,10,
p1.0_r0.01_d5_s0,net,11,
p1.0_r0.01_d5_s0,net,12,
p1.0_r0.01_d5_s0,net,13,
p1.0_r0.01_d5_s0,net,14,
p1.0_r0.01_d5_s0,net,15,
p1.0_r0.01_d5_s0,net,16,
p1.0_r0.01_d5_s0,net,17,
p1.0_r0.01_d5_s0,net,18,
p1.0_r0.01_d5_s0,net,19,
p1.0_r0.01_d5_s0,net,20,
p1.0_r0.01_d5_s0,bayes,0,15.36
p1.0_r0.01_d5_s0,bayes,1,15.05
p1.0_r0.01_d5_s0,bayes,2,14.48
p1.0_r0.01_d5_s0,bayes,3,13.98
p1.0_r0.01_d5_s0,bayes,4,14.14
p1.0_r0.01_d5_s0,bayes,5,13.74
p1.0_r0.01_d5_s0,bayes,6,12.79
p1.0_r0.01_d5_s0,bayes,7,12.63
p1.0_r0.01_d5_s0,bayes,8,
p1.0_r0.01_d5_s0,bayes,9,
p1.0_r0.01_d5_s0,bayes,10,
p1.0_r0.01_d5_s0,bayes,11,
p1.0_r0.01_d5_s0,bayes,12,
p1.0_r0.01_d5_s0,bayes,13,
p1.0_r0.01_d5_s0,bayes,14,
p1.0_r0.01_d5_s0,bayes,15,
p1.0_r0.01_d5_s0,bayes,16,
p1.0_r0.01_d5_s0,bayes,17,
p1.0_r0.01_d5_s0,bayes,18,
p1.0_r0.01_d5_s0,bayes,19,
p1.0_r0.01_d5_s0,bayes,20,
p1.0_r0.1_d5_s0,net,0,5.24
p1.0_r0.1_d5_s0,net,1,4.66
p1.0_r0.1_d5_s0,net,2,4.04
p1.0_r0.1_d5_s0,net,3,3.63
p1.0_r0.1_d5_s0,net,4,3.17
p1.0_r0.1_d5_s0,net,5,2.88
p1.0_r0.1_d5_s0,net,6,2.48
p1.0_r0.1_d5_s0,net,7,2.14
p1.0_r0.1_d5_s0,net,8,2.26
p1.0_r0.1_d5_s0,net,9,1.84
p1.0_r0.1_d5_s0,net,10,1.78
p1.0_r0.1_d5_s0,net,11,1.31
p1.0_r0.1_d5_s0,net,12,1.92
p1.0_r0.1_d5_s0,net,13,1.94
p1.0_r0.1_d5_s0,net,14,1.52
p1.0_r0.1_d5_s0,net,15,1.33
p1.0_r0.1_d5_s0,net,16,1.36
p1.0_r0.1_d5_s0,net,17,1.21
p1.0_r0.1_d5_s0,net,18,1.63
p1.0_r0.1_d5_s0,net,19,
p1.0_r0.1_d5_s0,net,20,
p1.0_r0.1_d5_s0,bayes,0,5.28
p1.0_r0.1_d5_s0,bayes,1,4.66
p1.0_r0.1_d5_s0,bayes,2,4.02
p1.0_r0.1_d5_s0,bayes,3,3.6
p1.0_r0.1_d5_s0,bayes,4,3.11
p1.0_r0.1_d5_s0,bayes,5,2.84
p1.0_r0.1_d5_s0,bayes,6,2.45
p1.0_r0.1_d5_s0,bayes,7,2.09
p1.0_r0.1_d5_s0,bayes,8,2.2
p1.0_r0.1_d5_s0,bayes,9,1.81
p1.0_r0.1_d5_s0,bayes,10,1.58
p1.0_r0.1_d5_s0,bayes,11,1.24
p1.0_r0.1_d5_s0,bayes,12,1.72
p1.0_r0.1_d5_s0,bayes,13,1.73
p1.0_r0.1_d5_s0,bayes,14,1.45
p1.0_r0.1_d5_s0,bayes,15,1.2
p1.0_r0.1_d5_s0,bayes,16,0.91
p1.0_r0.1_d5_s0,bayes,17,1.09
p1.0_r0.1_d5_s0,bayes,18,1.33
p1.0_r0.1_d5_s0,bayes,19,0.93
p1.0_r0.1_d5_s0,bayes,20,
p0.9_r0.01_d5_s0,net,0,4.3
p0.9_r0.01_d5_s0,net,1,5.3
p0.9_r0.01_d5_s0,net,2,6.02
p0.9_r0.01_d5_s0,net,3,6.49
p0.9_r0.01_d5_s0,net,4,6.9
p0.9_r0.01_d5_s0,net,5,7.3
p0.9_r0.01_d5_s0,net,6,7.61
p0.9_r0.01_d5_s0,net,7,7.98
p0.9_r0.01_d5_s0,net,8,8.62
p0.9_r0.01_d5_s0,net,9,8.57
p0.9_r0.01_d5_s0,net,10,8.1
p0.9_r0.01_d5_s0,net,11,7.39
p0.9_r0.01_d5_s0,net,12,
p0.9_r0.01_d5_s0,net,13,
p0.9_r0.01_d5_s0,net,14,
p0.9_r0.01_d5_s0,net,15,
p0.9_r0.01_d5_s0,net,16,
p0.9_r0.01_d5_s0,net,17,
p0.9_r0.01_d5_s0,net,18,
p0.9_r0.01_d5_s0,net,19,
p0.9_r0.01_d5_s0,net,20,
p0.9_r0.01_d5_s0,bayes,0,6.82
p0.9_r0.01_d5_s0,bayes,1,7.62
p0.9_r0.01_d5_s0,bayes,2,7.76
p0.9_r0.01_d5_s0,bayes,3,7.55
p0.9_r0.01_d5_s0,bayes,4,7.98
p0.9_r0.01_d5_s0,bayes,5,8.69
p0.9_r0.01_d5_s0,bayes,6,8.63
p0.9_r0.01_d5_s0,bayes,7,8.9
p0.9_r0.01_d5_s0,bayes,8,10.17
p0.9_r0.01_d5_s0,bayes,9,9.65
p0.9_r0.01_d5_s0,bayes,10,9.04
p0.9_r0.01_d5_s0,bayes,11,8.69
p0.9_r0.01_d5_s0,bayes,12,
p0.9_r0.01_d5_s0,bayes,13,
p0.9_r0.01_d5_s0,bayes,14,
p0.9_r0.01_d5_s0,bayes,15,
p0.9_r0.01_d5_s0,bayes,16,
p0.9_r0.01_d5_s0,bayes,17,
p0.9_r0.01_d5_s0,bayes,18,
p0.9_r0.01_d5_s0,bayes,19,
p0.9_r0.01_d5_s0,bayes,20,
p0.9_r0.1_d5_s0,net,0,3.57
p0.9_r0.1_d5_s0,net,1,3.47
p0.9_r0.1_d5_s0,net,2,3.09
p0.9_r0.1_d5_s0,net,3,2.8
p0.9_r0.1_d5_s0,net,4,2.56
p0.9_r0.1_d5_s0,net,5,2.31
p0.9_r0.1_d5_s0,net,6,1.98
p0.9_r0.1_d5_s0,net,7,1.78
p0.9_r0.1_d5_s0,net,8,1.92
p0.9_r0.1_d5_s0,net,9,1.65
p0.9_r0.1_d5_s0,net,10,1.31
p0.9_r0.1_d5_s0,net,11,1.04
p0.9_r0.1_d5_s0,net,12,1.68
p0.9_r0.1_d5_s0,net,13,1.72
p0.9_r0.1_d5_s0,net,14,1.41
p0.9_r0.1_d5_s0,net,15,1.04
p0.9_r0.1_d5_s0,net,16,1.1
p0.9_r0.1_d5_s0,net,17,1.18
p0.9_r0.1_d5_s0,net,18,1.14
p0.9_r0.1_d5_s0,net,19,0.69
p0.9_r0.1_d5_s0,net,20,
p0.9_r0.1_d5_s0,bayes,0,4.22
p0.9_r0.1_d5_s0,bayes,1,3.83
p0.9_r0.1_d5_s0,bayes,2,3.33
p0.9_r0.1_d5_s0,bayes,3,2.89
p0.9_r0.1_d5_s0,bayes,4,2.57
p0.9_r0.1_d5_s0,bayes,5,2.32
p0.9_r0.1_d5_s0,bayes,6,1.98
p0.9_r0.1_d5_s0,bayes,7,1.78
p0.9_r0.1_d5_s0,bayes,8,1.93
p0.9_r0.1_d5_s0,bayes,9,1.62
p0.9_r0.1_d5_s0,bayes,10,1.13
p0.9_r0.1_d5_s0,bayes,11,0.92
p0.9_r0.1_d5_s0,bayes,12,1.52
p0.9_r0.1_d5_s0,bayes,13,1.58
p0.9_r0.1_d5_s0,bayes,14,1.3
p0.9_r0.1_d5_s0,bayes,15,1.03
p0.9_r0.1_d5_s0,bayes,16,0.76
p0.9_r0.1_d5_s0,bayes,17,0.95
p0.9_r0.1_d5_s0,bayes,18,0.99
p0.9_r0.1_d5_s0,bayes,19,0.59
p0.9_r0.1_d5_s0,bayes,20,
