desc,n,net,net_se,bayes
0,0,1.8686,0.0075,1.8665
0,1,1.7402,0.0076,1.7353
0,2,1.5759,0.0076,1.5651
0,3,1.3825,0.0075,1.3687
0,4,1.1604,0.0075,1.1351
0,5,0.9177,0.007,0.8863
0,6,0.7247,0.0066,0.6894
0,7,0.5868,0.0061,0.5543
0,8,0.4903,0.0058,0.4577
0,9,0.4121,0.0054,0.3836
0,10,0.3657,0.0052,0.3345
0,11,0.3101,0.0048,0.2817
0,12,0.2863,0.0048,0.2626
0,13,0.27,0.0046,0.2423
0,14,0.2416,0.0044,0.2176
0,15,0.2272,0.0043,0.2022
0,16,0.2097,0.0042,0.1828
0,17,0.1918,0.004,0.167
0,18,0.1845,0.004,0.1604
0,19,0.1675,0.0038,0.1451
0,20,0.1663,0.0039,0.1397
1,0,1.0969,0.0169,0.5785
1,1,0.6934,0.0202,0.4114
1,2,0.4847,0.0157,0.3462
1,3,0.3831,0.0104,0.3052
1,4,0.3106,0.0054,0.2629
1,5,0.2743,0.0065,0.2252
1,6,0.2496,0.0046,0.2079
1,7,0.2267,0.0047,0.1847
1,8,0.1953,0.0041,0.1578
1,9,0.1865,0.0041,0.1505
1,10,0.1801,0.0041,0.1449
1,11,0.1743,0.0038,0.1414
1,12,0.1624,0.0038,0.1281
1,13,0.1488,0.0037,0.1196
1,14,0.1479,0.0036,0.1166
1,15,0.1434,0.0036,0.1094
1,16,0.1392,0.0036,0.1059
1,17,0.1346,0.0035,0.1025
1,18,0.1273,0.0035,0.0947
1,19,0.1273,0.0034,0.0956
1,20,0.1216,0.0034,0.088
