r,p,who,n,regret,ess_n
0.01,0.9,mixture,0,0.5618,6.9
0.01,0.9,mixture,1,0.4038,7.7
0.01,0.9,mixture,2,0.329,8.11
0.01,0.9,mixture,3,0.2921,8.11
0.01,0.9,mixture,4,0.258,8.17
0.01,0.9,mixture,5,0.2203,8.81
0.01,0.9,mixture,6,0.1972,9.13
0.01,0.9,mixture,7,0.1816,9.21
0.01,0.9,mixture,8,0.1698,8.95
0.01,0.9,mixture,9,0.152,9.83
0.01,0.9,mixture,10,0.1445,9.79
0.01,0.9,mixture,11,0.1327,
0.01,0.9,mixture,12,0.1233,
0.01,0.9,mixture,13,0.1246,
0.01,0.9,mixture,14,0.1121,
0.01,0.9,mixture,15,0.1148,
0.01,0.9,mixture,16,0.1091,
0.01,0.9,mixture,17,0.1008,
0.01,0.9,mixture,18,0.0964,
0.01,0.9,mixture,19,0.0875,
0.01,0.9,mixture,20,0.0841,
0.01,0.9,single,0,1.0559,4.31
0.01,0.9,single,1,0.5885,5.69
0.01,0.9,single,2,0.3971,6.8
0.01,0.9,single,3,0.3227,7.28
0.01,0.9,single,4,0.267,7.85
0.01,0.9,single,5,0.2257,8.56
0.01,0.9,single,6,0.1984,9.04
0.01,0.9,single,7,0.1818,9.2
0.01,0.9,single,8,0.1702,8.92
0.01,0.9,single,9,0.1521,9.83
0.01,0.9,single,10,0.1446,9.78
0.01,0.9,single,11,0.1328,
0.01,0.9,single,12,0.1233,
0.01,0.9,single,13,0.1246,
0.01,0.9,single,14,0.1122,
0.01,0.9,single,15,0.1148,
0.01,0.9,single,16,0.1091,
0.01,0.9,single,17,0.1008,
0.01,0.9,single,18,0.0964,
0.01,0.9,single,19,0.0875,
0.01,0.9,single,20,0.0841,
0.1,0.9,mixture,0,1.0794,4.22
0.1,0.9,mixture,1,0.9281,3.8
0.1,0.9,mixture,2,0.8022,3.38
0.1,0.9,mixture,3,0.7118,2.84
0.1,0.9,mixture,4,0.6055,2.56
0.1,0.9,mixture,5,0.5205,2.29
0.1,0.9,mixture,6,0.4478,2.07
0.1,0.9,mixture,7,0.3949,1.83
0.1,0.9,mixture,8,0.3454,1.75
0.1,0.9,mixture,9,0.3068,1.71
0.1,0.9,mixture,10,0.28,1.47
0.1,0.9,mixture,11,0.2506,1.47
0.1,0.9,mixture,12,0.2244,1.62
0.1,0.9,mixture,13,0.2191,0.86
0.1,0.9,mixture,14,0.1936,1.39
0.1,0.9,mixture,15,0.1883,0.76
0.1,0.9,mixture,16,0.1742,0.68
0.1,0.9,mixture,17,0.1608,1.1
0.1,0.9,mixture,18,0.147,1.43
0.1,0.9,mixture,19,0.1352,
0.1,0.9,mixture,20,0.1283,
0.1,0.9,single,0,1.2253,3.62
0.1,0.9,single,1,1.0006,3.52
0.1,0.9,single,2,0.8388,3.19
0.1,0.9,single,3,0.7319,2.74
0.1,0.9,single,4,0.6103,2.53
0.1,0.9,single,5,0.5234,2.26
0.1,0.9,single,6,0.4487,2.06
0.1,0.9,single,7,0.3953,1.82
0.1,0.9,single,8,0.3456,1.75
0.1,0.9,single,9,0.3069,1.71
0.1,0.9,single,10,0.28,1.47
0.1,0.9,single,11,0.2506,1.47
0.1,0.9,single,12,0.2244,1.62
0.1,0.9,single,13,0.2191,0.86
0.1,0.9,single,14,0.1936,1.39
0.1,0.9,single,15,0.1883,0.76
0.1,0.9,single,16,0.1742,0.68
0.1,0.9,single,17,0.1608,1.1
0.1,0.9,single,18,0.147,1.43
0.1,0.9,single,19,0.1353,
0.1,0.9,single,20,0.1283,
