d,a0,r,p,regret,regret_se,ess
5,10.0,0.5,1.0,1.531,0.002,2.24
5,10.0,0.5,0.9,1.604,0.002,1.85
5,10.0,0.05,1.0,0.578,0.002,6.76
5,10.0,0.05,0.9,0.871,0.003,5.04
5,10.0,,,,,
5,10.0,none,n=0,1.867,,
5,10.0,none,n=1,1.743,,
5,10.0,none,n=2,1.58,,
5,10.0,none,n=3,1.38,,
5,10.0,none,n=4,1.133,,
5,10.0,none,n=5,0.878,,
5,10.0,none,n=6,0.68,,
5,10.0,none,n=7,0.545,,
5,10.0,none,n=8,0.449,,
5,10.0,none,n=9,0.381,,
5,10.0,none,n=10,0.334,,
5,10.0,none,n=11,0.295,,
5,10.0,none,n=12,0.264,,
5,10.0,none,n=13,0.238,,
5,10.0,none,n=14,0.216,,
5,10.0,none,n=15,0.199,,
