d,a0,p,r,q,n,regret
5,10.0,0.9,0.1,0.5,0,1.2379
5,10.0,0.9,0.1,0.5,2,0.8521
5,10.0,0.9,0.1,0.5,5,0.5299
5,10.0,0.9,0.1,0.5,10,0.2783
5,10.0,0.9,0.1,0.7,0,1.1258
5,10.0,0.9,0.1,0.7,2,0.8212
5,10.0,0.9,0.1,0.7,5,0.5247
5,10.0,0.9,0.1,0.7,10,0.2775
5,10.0,0.9,0.1,0.8,0,1.0889
5,10.0,0.9,0.1,0.8,2,0.8116
5,10.0,0.9,0.1,0.8,5,0.5232
5,10.0,0.9,0.1,0.8,10,0.2772
5,10.0,0.9,0.1,0.85,0,1.0771
5,10.0,0.9,0.1,0.85,2,0.8083
5,10.0,0.9,0.1,0.85,5,0.5227
5,10.0,0.9,0.1,0.85,10,0.2771
5,10.0,0.9,0.1,0.9,0,1.0726
5,10.0,0.9,0.1,0.9,2,0.8065
5,10.0,0.9,0.1,0.9,5,0.5225
5,10.0,0.9,0.1,0.9,10,0.277
5,10.0,0.9,0.1,0.95,0,1.0826
5,10.0,0.9,0.1,0.95,2,0.8082
5,10.0,0.9,0.1,0.95,5,0.523
5,10.0,0.9,0.1,0.95,10,0.277
5,10.0,0.9,0.1,0.99,0,1.1341
5,10.0,0.9,0.1,0.99,2,0.8225
5,10.0,0.9,0.1,0.99,5,0.5262
5,10.0,0.9,0.1,0.99,10,0.2772
5,10.0,0.9,0.1,0.999,0,1.2095
5,10.0,0.9,0.1,0.999,2,0.8519
5,10.0,0.9,0.1,0.999,5,0.533
5,10.0,0.9,0.1,0.999,10,0.2779
5,10.0,0.9,0.1,1.0,0,1.5667
5,10.0,0.9,0.1,1.0,2,1.2351
5,10.0,0.9,0.1,1.0,5,0.7571
5,10.0,0.9,0.1,1.0,10,0.3579
5,10.0,0.9,0.01,0.5,0,0.8037
5,10.0,0.9,0.01,0.5,2,0.3701
5,10.0,0.9,0.01,0.5,5,0.2297
5,10.0,0.9,0.01,0.5,10,0.1433
5,10.0,0.9,0.01,0.7,0,0.6439
5,10.0,0.9,0.01,0.7,2,0.3506
5,10.0,0.9,0.01,0.7,5,0.2278
5,10.0,0.9,0.01,0.7,10,0.1431
5,10.0,0.9,0.01,0.8,0,0.5918
5,10.0,0.9,0.01,0.8,2,0.3447
5,10.0,0.9,0.01,0.8,5,0.2273
5,10.0,0.9,0.01,0.8,10,0.143
5,10.0,0.9,0.01,0.85,0,0.5751
5,10.0,0.9,0.01,0.85,2,0.3426
5,10.0,0.9,0.01,0.85,5,0.2271
5,10.0,0.9,0.01,0.85,10,0.143
5,10.0,0.9,0.01,0.9,0,0.5687
5,10.0,0.9,0.01,0.9,2,0.3414
5,10.0,0.9,0.01,0.9,5,0.2271
5,10.0,0.9,0.01,0.9,10,0.1429
5,10.0,0.9,0.01,0.95,0,0.5838
5,10.0,0.9,0.01,0.95,2,0.3419
5,10.0,0.9,0.01,0.95,5,0.2272
5,10.0,0.9,0.01,0.95,10,0.1429
5,10.0,0.9,0.01,0.99,0,0.6658
5,10.0,0.9,0.01,0.99,2,0.3492
5,10.0,0.9,0.01,0.99,5,0.2283
5,10.0,0.9,0.01,0.99,10,0.143
5,10.0,0.9,0.01,0.999,0,0.8006
5,10.0,0.9,0.01,0.999,2,0.3659
5,10.0,0.9,0.01,0.999,5,0.2308
5,10.0,0.9,0.01,0.999,10,0.1432
5,10.0,0.9,0.01,1.0,0,3.3876
5,10.0,0.9,0.01,1.0,2,2.6611
5,10.0,0.9,0.01,1.0,5,1.9794
5,10.0,0.9,0.01,1.0,10,1.4258
5,10.0,1.0,0.1,0.5,0,1.1421
5,10.0,1.0,0.1,0.5,2,0.7625
5,10.0,1.0,0.1,0.5,5,0.4878
5,10.0,1.0,0.1,0.5,10,0.2716
5,10.0,1.0,0.1,0.7,0,0.991
5,10.0,1.0,0.1,0.7,2,0.7226
5,10.0,1.0,0.1,0.7,5,0.481
5,10.0,1.0,0.1,0.7,10,0.2707
5,10.0,1.0,0.1,0.8,0,0.9281
5,10.0,1.0,0.1,0.8,2,0.7075
5,10.0,1.0,0.1,0.8,5,0.4784
5,10.0,1.0,0.1,0.8,10,0.2703
5,10.0,1.0,0.1,0.85,0,0.8995
5,10.0,1.0,0.1,0.85,2,0.7007
5,10.0,1.0,0.1,0.85,5,0.4772
5,10.0,1.0,0.1,0.85,10,0.2702
5,10.0,1.0,0.1,0.9,0,0.8729
5,10.0,1.0,0.1,0.9,2,0.6943
5,10.0,1.0,0.1,0.9,5,0.4761
5,10.0,1.0,0.1,0.9,10,0.27
5,10.0,1.0,0.1,0.95,0,0.8485
5,10.0,1.0,0.1,0.95,2,0.688
5,10.0,1.0,0.1,0.95,5,0.4751
5,10.0,1.0,0.1,0.95,10,0.2698
5,10.0,1.0,0.1,0.99,0,0.8313
5,10.0,1.0,0.1,0.99,2,0.6829
5,10.0,1.0,0.1,0.99,5,0.4742
5,10.0,1.0,0.1,0.99,10,0.2697
5,10.0,1.0,0.1,0.999,0,0.8281
5,10.0,1.0,0.1,0.999,2,0.6817
5,10.0,1.0,0.1,0.999,5,0.474
5,10.0,1.0,0.1,0.999,10,0.2697
5,10.0,1.0,0.1,1.0,0,0.8278
5,10.0,1.0,0.1,1.0,2,0.6815
5,10.0,1.0,0.1,1.0,5,0.4739
5,10.0,1.0,0.1,1.0,10,0.2697
5,10.0,1.0,0.01,0.5,0,0.6441
5,10.0,1.0,0.01,0.5,2,0.225
5,10.0,1.0,0.01,0.5,5,0.1554
5,10.0,1.0,0.01,0.5,10,0.1214
5,10.0,1.0,0.01,0.7,0,0.4285
5,10.0,1.0,0.01,0.7,2,0.1994
5,10.0,1.0,0.01,0.7,5,0.153
5,10.0,1.0,0.01,0.7,10,0.1211
5,10.0,1.0,0.01,0.8,0,0.3395
5,10.0,1.0,0.01,0.8,2,0.19
5,10.0,1.0,0.01,0.8,5,0.1522
5,10.0,1.0,0.01,0.8,10,0.121
5,10.0,1.0,0.01,0.85,0,0.2988
5,10.0,1.0,0.01,0.85,2,0.1858
5,10.0,1.0,0.01,0.85,5,0.1517
5,10.0,1.0,0.01,0.85,10,0.1209
5,10.0,1.0,0.01,0.9,0,0.2604
5,10.0,1.0,0.01,0.9,2,0.1818
5,10.0,1.0,0.01,0.9,5,0.1513
5,10.0,1.0,0.01,0.9,10,0.1208
5,10.0,1.0,0.01,0.95,0,0.2246
5,10.0,1.0,0.01,0.95,2,0.1779
5,10.0,1.0,0.01,0.95,5,0.1509
5,10.0,1.0,0.01,0.95,10,0.1208
5,10.0,1.0,0.01,0.99,0,0.1981
5,10.0,1.0,0.01,0.99,2,0.1746
5,10.0,1.0,0.01,0.99,5,0.1506
5,10.0,1.0,0.01,0.99,10,0.1207
5,10.0,1.0,0.01,0.999,0,0.1927
5,10.0,1.0,0.01,0.999,2,0.1737
5,10.0,1.0,0.01,0.999,5,0.1505
5,10.0,1.0,0.01,0.999,10,0.1207
5,10.0,1.0,0.01,1.0,0,0.1921
5,10.0,1.0,0.01,1.0,2,0.1736
5,10.0,1.0,0.01,1.0,5,0.1505
5,10.0,1.0,0.01,1.0,10,0.1206
