d,p,r,ess
4,1.0,0,nan
4,1.0,0.5,1.773
4,1.0,0.2,3.319
4,1.0,0.1,4.41
4,1.0,0.05,5.829
4,1.0,0.02,9.265
4,1.0,0.01,14.471
4,1.0,0.005,24.615
4,1.0,0.002,54.646
4,1.0,0.001,104.645
16,1.0,0,nan
16,0.99,0,326.532
16,0.9,0,40.494
16,1.0,0.5,7.606
16,0.99,0.5,7.447
16,0.9,0.5,6.224
16,1.0,0.2,12.56
16,0.99,0.2,12.366
16,0.9,0.2,10.901
16,1.0,0.1,14.837
16,0.99,0.1,14.619
16,0.9,0.1,13.108
16,1.0,0.05,16.922
16,0.99,0.05,16.597
16,0.9,0.05,14.776
16,1.0,0.02,20.727
16,0.99,0.02,19.885
16,0.9,0.02,16.771
16,1.0,0.01,25.961
16,0.99,0.01,24.097
16,0.9,0.01,18.331
16,1.0,0.005,36.144
16,0.99,0.005,31.251
16,0.9,0.005,19.908
16,1.0,0.002,66.407
16,0.99,0.002,47.238
16,0.9,0.002,21.964
16,1.0,0.001,115.615
16,0.99,0.001,63.851
16,0.9,0.001,23.057
64,1.0,0,nan
64,1.0,0.5,31.627
64,1.0,0.2,50.918
64,1.0,0.1,57.705
64,1.0,0.05,62.249
64,1.0,0.02,67.446
64,1.0,0.01,73.317
64,1.0,0.005,83.726
64,1.0,0.002,114.318
64,1.0,0.001,165.499
