d,a0,N,r,p,regret,ess,ess_sd
4,10.0,1,0.5,1.0,1.4051,1.779,0.015
4,10.0,1,0.5,0.99,1.4136,1.738,0.014
4,10.0,1,0.5,0.9,1.4765,1.438,0.01
4,10.0,1,0.5,0.7,1.58,0.928,0.017
4,10.0,1,0.5,0.5,1.6531,0.481,0.019
4,10.0,1,0.5,0.3,1.7022,0.18,0.02
4,10.0,16,0.5,1.0,8.4537,0.862,0.002
4,10.0,16,0.5,0.99,8.4869,0.841,0.002
4,10.0,16,0.5,0.9,8.7247,0.692,0.001
4,10.0,16,0.5,0.7,9.125,0.44,0.001
4,10.0,16,0.5,0.5,9.4285,0.249,0.001
4,10.0,16,0.5,0.3,9.6541,0.107,0.002
4,10.0,200,0.5,1.0,13.7921,0.805,0.001
4,10.0,200,0.5,0.99,13.8258,0.785,0.001
4,10.0,200,0.5,0.9,14.0664,0.645,0.0
4,10.0,200,0.5,0.7,14.4711,0.41,0.001
4,10.0,200,0.5,0.5,14.778,0.232,0.001
4,10.0,200,0.5,0.3,15.0062,0.099,0.001
4,10.0,1,0.2,1.0,1.0015,3.326,0.008
4,10.0,1,0.2,0.99,1.0237,3.247,0.008
4,10.0,1,0.2,0.9,1.1697,2.711,0.01
4,10.0,1,0.2,0.7,1.3968,1.819,0.013
4,10.0,1,0.2,0.5,1.5554,1.061,0.015
4,10.0,1,0.2,0.3,1.6634,0.418,0.02
4,10.0,16,0.2,1.0,6.6732,2.102,0.004
4,10.0,16,0.2,0.99,6.7465,2.043,0.003
4,10.0,16,0.2,0.9,7.2391,1.694,0.002
4,10.0,16,0.2,0.7,8.0874,1.102,0.001
4,10.0,16,0.2,0.5,8.7709,0.662,0.001
4,10.0,16,0.2,0.3,9.3232,0.315,0.001
4,10.0,200,0.2,1.0,11.9626,1.958,0.002
4,10.0,200,0.2,0.99,12.0371,1.91,0.002
4,10.0,200,0.2,0.9,12.5378,1.589,0.001
4,10.0,200,0.2,0.7,13.4016,1.035,0.001
4,10.0,200,0.2,0.5,14.0988,0.626,0.001
4,10.0,200,0.2,0.3,14.6635,0.298,0.001
4,10.0,1,0.05,1.0,0.4991,5.854,0.012
4,10.0,1,0.05,0.99,0.538,5.562,0.005
4,10.0,1,0.05,0.9,0.78,4.165,0.006
4,10.0,1,0.05,0.7,1.154,2.77,0.012
4,10.0,1,0.05,0.5,1.4202,1.707,0.014
4,10.0,1,0.05,0.3,1.6067,0.765,0.021
4,10.0,16,0.05,1.0,4.136,4.645,0.002
4,10.0,16,0.05,0.99,4.2462,4.488,0.002
4,10.0,16,0.05,0.9,5.0151,3.563,0.001
4,10.0,16,0.05,0.7,6.4229,2.305,0.002
4,10.0,16,0.05,0.5,7.6342,1.418,0.001
4,10.0,16,0.05,0.3,8.6875,0.715,0.001
4,10.0,200,0.05,1.0,9.2053,4.324,0.002
4,10.0,200,0.05,0.99,9.3189,4.183,0.002
4,10.0,200,0.05,0.9,10.1155,3.4,0.0
4,10.0,200,0.05,0.7,11.5829,2.233,0.002
4,10.0,200,0.05,0.5,12.8525,1.387,0.002
4,10.0,200,0.05,0.3,13.9629,0.705,0.001
4,10.0,1,0.01,1.0,0.1587,14.548,0.03
4,10.0,1,0.01,0.99,0.2073,11.58,0.029
4,10.0,1,0.01,0.9,0.507,5.795,0.017
4,10.0,1,0.01,0.7,0.9756,3.419,0.009
4,10.0,1,0.01,0.5,1.316,2.161,0.011
4,10.0,1,0.01,0.3,1.5604,1.037,0.017
4,10.0,16,0.01,1.0,1.7958,13.438,0.01
4,10.0,16,0.01,0.99,1.9316,12.268,0.013
4,10.0,16,0.01,0.9,2.9207,7.263,0.001
4,10.0,16,0.01,0.7,4.8087,3.775,0.001
4,10.0,16,0.01,0.5,6.4945,2.247,0.002
4,10.0,16,0.01,0.3,8.017,1.152,0.001
4,10.0,200,0.01,1.0,6.066,12.548,0.003
4,10.0,200,0.01,0.99,6.2129,11.793,0.005
4,10.0,200,0.01,0.9,7.301,7.759,0.004
4,10.0,200,0.01,0.7,9.4076,4.073,0.002
4,10.0,200,0.01,0.5,11.3112,2.435,0.002
4,10.0,200,0.01,0.3,13.0507,1.26,0.002
4,10.0,1,0.001,1.0,0.0194,105.096,0.447
4,10.0,1,0.001,0.99,0.0714,29.915,0.041
4,10.0,1,0.001,0.9,0.3927,6.974,0.031
4,10.0,1,0.001,0.7,0.8987,3.693,0.007
4,10.0,1,0.001,0.5,1.2697,2.335,0.01
4,10.0,1,0.001,0.3,1.539,1.139,0.015
4,10.0,16,0.001,1.0,0.2909,104.624,0.132
4,10.0,16,0.001,0.99,0.4421,67.031,0.072
4,10.0,16,0.001,0.9,1.5683,15.862,0.004
4,10.0,16,0.001,0.7,3.7595,5.25,0.003
4,10.0,16,0.001,0.5,5.7475,2.852,0.001
4,10.0,16,0.001,0.3,7.5714,1.462,0.001
4,10.0,200,0.001,1.0,2.1859,103.289,0.033
4,10.0,200,0.001,0.99,2.3718,90.402,0.031
4,10.0,200,0.001,0.9,3.8101,37.378,0.006
4,10.0,200,0.001,0.7,6.6941,9.719,0.006
4,10.0,200,0.001,0.5,9.3747,4.113,0.002
4,10.0,200,0.001,0.3,11.8907,2.005,0.003
16,10.0,1,0.5,1.0,2.1657,7.644,0.028
16,10.0,1,0.5,0.99,2.1748,7.5,0.028
16,10.0,1,0.5,0.9,2.242,6.307,0.019
16,10.0,1,0.5,0.7,2.3514,4.08,0.085
16,10.0,1,0.5,0.5,2.4279,2.3,0.056
16,10.0,1,0.5,0.3,2.479,0.855,0.086
16,10.0,16,0.5,1.0,28.431,3.487,0.011
16,10.0,16,0.5,0.99,28.5256,3.426,0.011
16,10.0,16,0.5,0.9,29.2023,2.993,0.01
16,10.0,16,0.5,0.7,30.4434,2.167,0.009
16,10.0,16,0.5,0.5,31.5071,1.424,0.007
16,10.0,16,0.5,0.3,32.4268,0.754,0.005
16,10.0,200,0.5,1.0,54.9203,2.268,0.002
16,10.0,200,0.5,0.99,55.0228,2.225,0.002
16,10.0,200,0.5,0.9,55.7583,1.919,0.002
16,10.0,200,0.5,0.7,57.1202,1.359,0.001
16,10.0,200,0.5,0.5,58.2991,0.877,0.001
16,10.0,200,0.5,0.3,59.3295,0.459,0.001
16,10.0,1,0.2,1.0,1.718,12.593,0.026
16,10.0,1,0.2,0.99,1.7424,12.404,0.025
16,10.0,1,0.2,0.9,1.9012,10.982,0.05
16,10.0,1,0.2,0.7,2.1469,7.948,0.095
16,10.0,1,0.2,0.5,2.3183,4.858,0.061
16,10.0,1,0.2,0.3,2.435,2.121,0.079
16,10.0,16,0.2,1.0,22.1523,7.375,0.007
16,10.0,16,0.2,0.99,22.3203,7.271,0.007
16,10.0,16,0.2,0.9,23.6007,6.487,0.008
16,10.0,16,0.2,0.7,26.136,4.931,0.009
16,10.0,16,0.2,0.5,28.469,3.462,0.008
16,10.0,16,0.2,0.3,30.6385,2.037,0.008
16,10.0,200,0.2,1.0,47.6031,5.391,0.002
16,10.0,200,0.2,0.99,47.7875,5.309,0.002
16,10.0,200,0.2,0.9,49.213,4.688,0.002
16,10.0,200,0.2,0.7,52.0695,3.464,0.001
16,10.0,200,0.2,0.5,54.7231,2.35,0.002
16,10.0,200,0.2,0.3,57.2125,1.321,0.002
16,10.0,1,0.05,1.0,1.0736,16.925,0.008
16,10.0,1,0.05,0.99,1.1188,16.599,0.01
16,10.0,1,0.05,0.9,1.3973,14.799,0.012
16,10.0,1,0.05,0.7,1.8292,11.67,0.045
16,10.0,1,0.05,0.5,2.1393,8.057,0.108
16,10.0,1,0.05,0.3,2.3588,3.915,0.14
16,10.0,16,0.05,1.0,13.66,12.948,0.008
16,10.0,16,0.05,0.99,13.9135,12.764,0.008
16,10.0,16,0.05,0.9,15.9602,11.319,0.005
16,10.0,16,0.05,0.7,20.1961,8.582,0.005
16,10.0,16,0.05,0.5,24.2286,6.103,0.007
16,10.0,16,0.05,0.3,28.0965,3.701,0.008
16,10.0,200,0.05,1.0,36.5778,10.574,0.001
16,10.0,200,0.05,0.99,36.8727,10.423,0.002
16,10.0,200,0.05,0.9,39.2913,9.217,0.002
16,10.0,200,0.05,0.7,44.3539,6.841,0.002
16,10.0,200,0.05,0.5,49.2129,4.688,0.002
16,10.0,200,0.05,0.3,53.9074,2.69,0.002
16,10.0,1,0.01,1.0,0.466,26.057,0.097
16,10.0,1,0.01,0.99,0.5267,24.203,0.072
16,10.0,1,0.01,0.9,0.9015,18.352,0.013
16,10.0,1,0.01,0.7,1.4976,14.174,0.02
16,10.0,1,0.01,0.5,1.9411,10.543,0.043
16,10.0,1,0.01,0.3,2.2683,5.808,0.023
16,10.0,16,0.01,1.0,6.1732,23.075,0.024
16,10.0,16,0.01,0.99,6.5015,22.134,0.019
16,10.0,16,0.01,0.9,9.222,17.111,0.005
16,10.0,16,0.01,0.7,14.9554,12.009,0.007
16,10.0,16,0.01,0.5,20.4852,8.403,0.006
16,10.0,16,0.01,0.3,25.8505,5.107,0.007
16,10.0,200,0.01,1.0,24.0401,19.706,0.012
16,10.0,200,0.01,0.99,24.4603,19.181,0.012
16,10.0,200,0.01,0.9,28.0073,15.762,0.003
16,10.0,200,0.01,0.7,35.5774,11.091,0.001
16,10.0,200,0.01,0.5,42.9441,7.488,0.002
16,10.0,200,0.01,0.3,50.1461,4.285,0.002
16,10.0,1,0.001,1.0,0.0736,116.471,0.605
16,10.0,1,0.001,0.99,0.1424,64.245,0.196
16,10.0,1,0.001,0.9,0.5718,23.116,0.048
16,10.0,1,0.001,0.7,1.2679,15.595,0.029
16,10.0,1,0.001,0.5,1.7976,11.971,0.014
16,10.0,1,0.001,0.3,2.1987,7.12,0.02
16,10.0,16,0.001,1.0,1.1127,115.814,0.019
16,10.0,16,0.001,0.99,1.4917,86.749,0.041
16,10.0,16,0.001,0.9,4.6676,29.301,0.047
16,10.0,16,0.001,0.7,11.413,14.788,0.009
16,10.0,16,0.001,0.5,17.955,9.996,0.006
16,10.0,16,0.001,0.3,24.3323,6.04,0.007
16,10.0,200,0.001,1.0,8.6376,111.445,0.027
16,10.0,200,0.001,0.99,9.2118,101.034,0.025
16,10.0,200,0.001,0.9,14.1451,49.821,0.004
16,10.0,200,0.001,0.7,24.7957,18.788,0.009
16,10.0,200,0.001,0.5,35.2428,11.271,0.002
16,10.0,200,0.001,0.3,45.5253,6.313,0.002
16,100.0,1,0.5,1.0,3.3106,7.518,0.015
16,100.0,1,0.5,0.99,3.3198,7.38,0.015
16,100.0,1,0.5,0.9,3.3875,6.301,0.019
16,100.0,1,0.5,0.7,3.4979,4.086,0.036
16,100.0,1,0.5,0.5,3.5752,2.268,0.085
16,100.0,1,0.5,0.3,3.6267,0.885,0.083
16,100.0,16,0.5,1.0,45.4773,2.376,0.005
16,100.0,16,0.5,0.99,45.5768,2.337,0.005
16,100.0,16,0.5,0.9,46.2903,2.055,0.004
16,100.0,16,0.5,0.7,47.6071,1.498,0.004
16,100.0,16,0.5,0.5,48.7428,1.015,0.004
16,100.0,16,0.5,0.3,49.7319,0.533,0.004
16,100.0,200,0.5,1.0,73.3332,1.539,0.0
16,100.0,200,0.5,0.99,73.4356,1.511,0.0
16,100.0,200,0.5,0.9,74.1716,1.305,0.0
16,100.0,200,0.5,0.7,75.5343,0.925,0.0
16,100.0,200,0.5,0.5,76.714,0.599,0.0
16,100.0,200,0.5,0.3,77.7452,0.314,0.0
16,100.0,1,0.2,1.0,2.8536,12.092,0.03
16,100.0,1,0.2,0.99,2.8784,11.936,0.036
16,100.0,1,0.2,0.9,3.0395,10.701,0.034
16,100.0,1,0.2,0.7,3.2888,7.847,0.049
16,100.0,1,0.2,0.5,3.4629,4.843,0.084
16,100.0,1,0.2,0.3,3.5816,2.1,0.132
16,100.0,16,0.2,1.0,38.5402,5.002,0.004
16,100.0,16,0.2,0.99,38.7186,4.936,0.004
16,100.0,16,0.2,0.9,40.0906,4.43,0.004
16,100.0,16,0.2,0.7,42.8287,3.404,0.003
16,100.0,16,0.2,0.5,45.364,2.421,0.001
16,100.0,16,0.2,0.3,47.7353,1.444,0.001
16,100.0,200,0.2,1.0,66.0041,3.609,0.001
16,100.0,200,0.2,0.99,66.1887,3.556,0.001
16,100.0,200,0.2,0.9,67.6156,3.149,0.001
16,100.0,200,0.2,0.7,70.4753,2.341,0.001
16,100.0,200,0.2,0.5,73.132,1.595,0.0
16,100.0,200,0.2,0.3,75.6245,0.9,0.0
16,100.0,1,0.05,1.0,2.1657,14.778,0.012
16,100.0,1,0.05,0.99,2.2125,14.649,0.01
16,100.0,1,0.05,0.9,2.5004,13.791,0.011
16,100.0,1,0.05,0.7,2.9477,11.435,0.031
16,100.0,1,0.05,0.5,3.27,8.117,0.057
16,100.0,1,0.05,0.3,3.4992,4.057,0.084
16,100.0,16,0.05,1.0,28.431,8.678,0.004
16,100.0,16,0.05,0.99,28.7108,8.576,0.004
16,100.0,16,0.05,0.9,30.9938,7.742,0.004
16,100.0,16,0.05,0.7,35.755,6.016,0.004
16,100.0,16,0.05,0.5,40.3127,4.348,0.002
16,100.0,16,0.05,0.3,44.7058,2.681,0.001
16,100.0,200,0.05,1.0,54.9203,6.843,0.001
16,100.0,200,0.05,0.99,55.2159,6.755,0.001
16,100.0,200,0.05,0.9,57.6412,6.034,0.001
16,100.0,200,0.05,0.7,62.7186,4.553,0.001
16,100.0,200,0.05,0.5,67.5925,3.156,0.001
16,100.0,200,0.05,0.3,72.3019,1.827,0.001
16,100.0,1,0.01,1.0,1.3883,16.661,0.016
16,100.0,1,0.01,0.99,1.4539,16.466,0.014
16,100.0,1,0.01,0.9,1.861,15.472,0.011
16,100.0,1,0.01,0.7,2.5153,13.73,0.006
16,100.0,1,0.01,0.5,3.0083,10.992,0.038
16,100.0,1,0.01,0.3,3.3777,6.464,0.037
16,100.0,16,0.01,1.0,17.722,12.791,0.003
16,100.0,16,0.01,0.99,18.1089,12.633,0.004
16,100.0,16,0.01,0.9,21.3557,11.337,0.005
16,100.0,16,0.01,0.7,28.2587,8.741,0.004
16,100.0,16,0.01,0.5,34.9582,6.305,0.004
16,100.0,16,0.01,0.3,41.4932,3.91,0.002
16,100.0,200,0.01,1.0,42.0797,10.847,0.001
16,100.0,200,0.01,0.99,42.5037,10.709,0.001
16,100.0,200,0.01,0.9,46.0846,9.557,0.001
16,100.0,200,0.01,0.7,53.7302,7.2,0.001
16,100.0,200,0.01,0.5,61.1722,5.0,0.001
16,100.0,200,0.01,0.3,68.4497,2.912,0.001
16,100.0,1,0.001,1.0,0.466,26.348,0.051
16,100.0,1,0.001,0.99,0.5478,23.958,0.024
16,100.0,1,0.001,0.9,1.0713,17.923,0.009
16,100.0,1,0.001,0.7,1.9497,15.285,0.011
16,100.0,1,0.001,0.5,2.6438,13.209,0.019
16,100.0,1,0.001,0.3,3.1928,9.125,0.015
16,100.0,16,0.001,1.0,6.1732,23.332,0.025
16,100.0,16,0.001,0.99,6.6755,21.946,0.019
16,100.0,16,0.001,0.9,10.9617,16.129,0.006
16,100.0,16,0.001,0.7,20.1745,11.799,0.004
16,100.0,16,0.001,0.5,29.1838,8.403,0.004
16,100.0,16,0.001,0.3,38.0285,5.189,0.003
16,100.0,200,0.001,1.0,24.0401,19.962,0.012
16,100.0,200,0.001,0.99,24.6445,19.265,0.01
16,100.0,200,0.001,0.9,29.849,15.438,0.007
16,100.0,200,0.001,0.7,41.1025,11.171,0.001
16,100.0,200,0.001,0.5,52.1524,7.677,0.001
16,100.0,200,0.001,0.3,63.0378,4.461,0.001
64,10.0,1,0.5,1.0,2.8748,31.692,0.072
64,10.0,1,0.5,0.99,2.8835,31.21,0.077
64,10.0,1,0.5,0.9,2.9487,26.715,0.125
64,10.0,1,0.5,0.7,3.0575,17.887,0.436
64,10.0,1,0.5,0.5,3.1355,10.452,0.59
64,10.0,1,0.5,0.3,3.189,4.428,0.553
64,10.0,16,0.5,1.0,45.0118,27.57,0.027
64,10.0,16,0.5,0.99,45.114,27.214,0.023
64,10.0,16,0.5,0.9,45.8483,24.53,0.029
64,10.0,16,0.5,0.7,47.2075,18.845,0.082
64,10.0,16,0.5,0.5,48.384,13.094,0.077
64,10.0,16,0.5,0.3,49.4124,7.298,0.145
64,10.0,200,0.5,1.0,215.2173,7.37,0.001
64,10.0,200,0.5,0.99,215.4949,7.277,0.001
64,10.0,200,0.5,0.9,217.7583,6.518,0.002
64,10.0,200,0.5,0.7,222.4762,4.942,0.002
64,10.0,200,0.5,0.5,226.9905,3.441,0.002
64,10.0,200,0.5,0.3,231.3403,1.998,0.002
64,10.0,1,0.2,1.0,2.4191,50.962,0.108
64,10.0,1,0.2,0.99,2.443,50.236,0.165
64,10.0,1,0.2,0.9,2.6016,45.229,0.186
64,10.0,1,0.2,0.7,2.8495,33.397,0.046
64,10.0,1,0.2,0.5,3.0241,20.736,0.524
64,10.0,1,0.2,0.3,3.1443,9.32,0.594
64,10.0,16,0.2,1.0,37.732,44.2,0.007
64,10.0,16,0.2,0.99,37.9159,43.939,0.006
64,10.0,16,0.2,0.9,39.337,41.675,0.016
64,10.0,16,0.2,0.7,42.1843,35.826,0.038
64,10.0,16,0.2,0.5,44.8287,28.202,0.031
64,10.0,16,0.2,0.3,47.309,18.373,0.044
64,10.0,200,0.2,1.0,185.9668,17.319,0.002
64,10.0,200,0.2,0.99,186.5369,17.122,0.002
64,10.0,200,0.2,0.9,191.433,15.436,0.001
64,10.0,200,0.2,0.7,202.0009,11.829,0.001
64,10.0,200,0.2,0.5,212.3654,8.328,0.001
64,10.0,200,0.2,0.3,222.5653,4.913,0.001
64,10.0,1,0.05,1.0,1.7378,62.188,0.074
64,10.0,1,0.05,0.99,1.784,61.625,0.033
64,10.0,1,0.05,0.9,2.0693,57.929,0.099
64,10.0,1,0.05,0.7,2.5134,48.272,0.058
64,10.0,1,0.05,0.5,2.8341,34.406,0.204
64,10.0,1,0.05,0.3,3.0631,17.424,0.358
64,10.0,16,0.05,1.0,26.8882,55.297,0.009
64,10.0,16,0.05,0.99,27.1807,55.042,0.011
64,10.0,16,0.05,0.9,29.5789,52.924,0.015
64,10.0,16,0.05,0.7,34.596,48.086,0.012
64,10.0,16,0.05,0.5,39.4096,41.549,0.017
64,10.0,16,0.05,0.3,44.0586,30.697,0.033
64,10.0,200,0.05,1.0,141.9562,33.005,0.005
64,10.0,200,0.05,0.99,142.9664,32.632,0.006
64,10.0,200,0.05,0.9,151.8234,29.389,0.005
64,10.0,200,0.05,0.7,171.1935,22.47,0.005
64,10.0,200,0.05,0.5,190.3601,15.805,0.003
64,10.0,200,0.05,0.3,209.3621,9.339,0.002
64,10.0,1,0.01,1.0,0.9922,73.45,0.104
64,10.0,1,0.01,0.99,1.0568,71.909,0.026
64,10.0,1,0.01,0.9,1.4572,65.41,0.07
64,10.0,1,0.01,0.7,2.1,57.43,0.081
64,10.0,1,0.01,0.5,2.5841,45.814,0.115
64,10.0,1,0.01,0.3,2.9469,26.827,0.231
64,10.0,16,0.01,1.0,15.1829,67.969,0.026
64,10.0,16,0.01,0.99,15.5925,67.286,0.028
64,10.0,16,0.01,0.9,19.0441,62.715,0.013
64,10.0,16,0.01,0.7,26.4023,55.722,0.005
64,10.0,16,0.01,0.5,33.5569,49.175,0.017
64,10.0,16,0.01,0.3,40.547,39.442,0.019
64,10.0,200,0.01,1.0,92.2367,52.904,0.004
64,10.0,200,0.01,0.99,93.7441,52.229,0.004
64,10.0,200,0.01,0.9,107.0759,46.533,0.006
64,10.0,200,0.01,0.7,136.3899,35.076,0.007
64,10.0,200,0.01,0.5,165.5003,24.482,0.007
64,10.0,200,0.01,0.3,194.4462,14.404,0.003
64,10.0,1,0.001,1.0,0.2449,165.677,0.325
64,10.0,1,0.001,0.99,0.3233,134.039,0.33
64,10.0,1,0.001,0.9,0.8211,78.858,0.193
64,10.0,1,0.001,0.7,1.6486,63.227,0.084
64,10.0,1,0.001,0.5,2.296,53.804,0.024
64,10.0,1,0.001,0.3,2.8025,35.972,0.382
64,10.0,16,0.001,1.0,3.8005,161.761,0.162
64,10.0,16,0.001,0.99,4.3239,145.8,0.076
64,10.0,16,0.001,0.9,8.8,88.593,0.06
64,10.0,16,0.001,0.7,18.4346,63.41,0.019
64,10.0,16,0.001,0.5,27.8658,54.44,0.011
64,10.0,16,0.001,0.3,37.1323,45.029,0.009
64,10.0,200,0.001,1.0,32.8529,146.041,0.032
64,10.0,200,0.001,0.99,34.9541,135.528,0.03
64,10.0,200,0.001,0.9,53.6305,82.742,0.005
64,10.0,200,0.001,0.7,94.8212,51.751,0.006
64,10.0,200,0.001,0.5,135.8084,35.294,0.008
64,10.0,200,0.001,0.3,176.6311,20.562,0.005
