d,a0,r,q,n_median,n_95pct
4,10.0,0.1,0.5,1,9
4,10.0,0.1,0.9,2,-1
4,10.0,0.1,0.99,2,-1
4,10.0,0.1,0.999999,5,-1
4,10.0,0.01,0.5,1,3
4,10.0,0.01,0.9,1,4
4,10.0,0.01,0.99,1,5
4,10.0,0.01,0.999999,2,8
4,10.0,0.001,0.5,1,3
4,10.0,0.001,0.9,1,4
4,10.0,0.001,0.99,1,4
4,10.0,0.001,0.999999,2,6
16,10.0,0.1,0.5,1,4
16,10.0,0.1,0.9,1,5
16,10.0,0.1,0.99,2,6
16,10.0,0.1,0.999999,3,9
16,10.0,0.01,0.5,1,2
16,10.0,0.01,0.9,1,3
16,10.0,0.01,0.99,1,3
16,10.0,0.01,0.999999,1,4
16,10.0,0.001,0.5,1,2
16,10.0,0.001,0.9,1,2
16,10.0,0.001,0.99,1,2
16,10.0,0.001,0.999999,1,3
16,100.0,0.1,0.5,1,4
16,100.0,0.1,0.9,1,5
16,100.0,0.1,0.99,2,6
16,100.0,0.1,0.999999,3,8
16,100.0,0.01,0.5,1,2
16,100.0,0.01,0.9,1,2
16,100.0,0.01,0.99,1,3
16,100.0,0.01,0.999999,1,3
16,100.0,0.001,0.5,1,2
16,100.0,0.001,0.9,1,2
16,100.0,0.001,0.99,1,2
16,100.0,0.001,0.999999,1,2
64,10.0,0.1,0.5,1,4
64,10.0,0.1,0.9,1,5
64,10.0,0.1,0.99,2,6
64,10.0,0.1,0.999999,3,8
64,10.0,0.01,0.5,1,2
64,10.0,0.01,0.9,1,2
64,10.0,0.01,0.99,1,3
64,10.0,0.01,0.999999,1,3
64,10.0,0.001,0.5,1,2
64,10.0,0.001,0.9,1,2
64,10.0,0.001,0.99,1,2
64,10.0,0.001,0.999999,1,2
