d,a0,N,p,r,q,regret,se,kl_p_q
16,10.0,1,0.5,0.5,0.0,2.511,0.0027,inf
16,10.0,1,0.5,0.5,0.1,2.4774,0.0023,0.5108
16,10.0,1,0.5,0.5,0.3,2.4397,0.002,0.0872
16,10.0,1,0.5,0.5,0.5,2.4269,0.002,0.0
16,10.0,1,0.5,0.5,0.7,2.4401,0.0024,0.0872
16,10.0,1,0.5,0.5,0.9,2.5019,0.0034,0.5108
16,10.0,1,0.5,0.5,0.99,2.5981,0.0048,1.6145
16,10.0,1,0.5,0.5,0.999,2.6356,0.0056,2.7612
16,10.0,1,0.5,0.5,1.0,2.6543,0.0061,inf
16,10.0,1,0.7,0.5,0.0,2.5111,0.0036,inf
16,10.0,1,0.7,0.5,0.1,2.463,0.0031,1.0326
16,10.0,1,0.7,0.5,0.3,2.4014,0.0025,0.3389
16,10.0,1,0.7,0.5,0.5,2.3649,0.0021,0.0823
16,10.0,1,0.7,0.5,0.7,2.3509,0.0019,0.0
16,10.0,1,0.7,0.5,0.9,2.3724,0.0022,0.1537
16,10.0,1,0.7,0.5,0.99,2.4261,0.003,0.7777
16,10.0,1,0.7,0.5,0.999,2.4484,0.0034,1.4622
16,10.0,1,0.7,0.5,1.0,2.4597,0.0038,inf
16,10.0,1,0.9,0.5,0.0,2.5112,0.0046,inf
16,10.0,1,0.9,0.5,0.1,2.4486,0.0039,1.7578
16,10.0,1,0.9,0.5,0.3,2.363,0.0031,0.7942
16,10.0,1,0.9,0.5,0.5,2.303,0.0024,0.3681
16,10.0,1,0.9,0.5,0.7,2.2618,0.0019,0.1163
16,10.0,1,0.9,0.5,0.9,2.2429,0.0015,0.0
16,10.0,1,0.9,0.5,0.99,2.2541,0.0015,0.1445
16,10.0,1,0.9,0.5,0.999,2.2613,0.0016,0.3666
16,10.0,1,0.9,0.5,1.0,2.2651,0.0017,inf
16,10.0,200,0.5,0.5,0.0,60.4511,0.0102,inf
16,10.0,200,0.5,0.5,0.1,58.7391,0.0027,0.5108
16,10.0,200,0.5,0.5,0.3,58.3763,0.0022,0.0872
16,10.0,200,0.5,0.5,0.5,58.2992,0.0022,0.0
16,10.0,200,0.5,0.5,0.7,58.3789,0.0024,0.0872
16,10.0,200,0.5,0.5,0.9,58.7585,0.0032,0.5108
16,10.0,200,0.5,0.5,0.99,59.6854,0.0053,1.6145
16,10.0,200,0.5,0.5,0.999,60.5236,0.0079,2.7612
16,10.0,200,0.5,0.5,1.0,62.9477,0.025,inf
16,10.0,200,0.7,0.5,0.0,60.4471,0.0142,inf
16,10.0,200,0.7,0.5,0.1,58.0185,0.0036,1.0326
16,10.0,200,0.7,0.5,0.3,57.423,0.0025,0.3389
16,10.0,200,0.7,0.5,0.5,57.1939,0.0021,0.0823
16,10.0,200,0.7,0.5,0.7,57.1204,0.002,0.0
16,10.0,200,0.7,0.5,0.9,57.2584,0.0022,0.1537
16,10.0,200,0.7,0.5,0.99,57.7822,0.0033,0.7777
16,10.0,200,0.7,0.5,0.999,58.2825,0.0048,1.4622
16,10.0,200,0.7,0.5,1.0,59.7367,0.015,inf
16,10.0,200,0.9,0.5,0.0,60.4431,0.0182,inf
16,10.0,200,0.9,0.5,0.1,57.298,0.0046,1.7578
16,10.0,200,0.9,0.5,0.3,56.4697,0.0031,0.7942
16,10.0,200,0.9,0.5,0.5,56.0887,0.0025,0.3681
16,10.0,200,0.9,0.5,0.7,55.8619,0.002,0.1163
16,10.0,200,0.9,0.5,0.9,55.7584,0.0017,0.0
16,10.0,200,0.9,0.5,0.99,55.879,0.0017,0.1445
16,10.0,200,0.9,0.5,0.999,56.0413,0.0021,0.3666
16,10.0,200,0.9,0.5,1.0,56.5257,0.0052,inf
16,10.0,1,0.5,0.05,0.0,2.5121,0.0035,inf
16,10.0,1,0.5,0.05,0.1,2.3368,0.0025,0.5108
16,10.0,1,0.5,0.05,0.3,2.1833,0.0023,0.0872
16,10.0,1,0.5,0.05,0.5,2.1372,0.0027,0.0
16,10.0,1,0.5,0.05,0.7,2.1854,0.0036,0.0872
16,10.0,1,0.5,0.05,0.9,2.4381,0.0053,0.5108
16,10.0,1,0.5,0.05,0.99,3.0658,0.0089,1.6145
16,10.0,1,0.5,0.05,0.999,3.643,0.0124,2.7612
16,10.0,1,0.5,0.05,1.0,9.3225,0.0852,inf
16,10.0,1,0.7,0.05,0.0,2.5126,0.0049,inf
16,10.0,1,0.7,0.05,0.1,2.2616,0.0033,1.0326
16,10.0,1,0.7,0.05,0.3,2.0097,0.0025,0.3389
16,10.0,1,0.7,0.05,0.5,1.8773,0.0023,0.0823
16,10.0,1,0.7,0.05,0.7,1.8279,0.0025,0.0
16,10.0,1,0.7,0.05,0.9,1.9179,0.0033,0.1537
16,10.0,1,0.7,0.05,0.99,2.2717,0.0054,0.7777
16,10.0,1,0.7,0.05,0.999,2.6161,0.0075,1.4622
16,10.0,1,0.7,0.05,1.0,6.0237,0.0511,inf
16,10.0,1,0.9,0.05,0.0,2.5131,0.0063,inf
16,10.0,1,0.9,0.05,0.1,2.1863,0.0043,1.7578
16,10.0,1,0.9,0.05,0.3,1.8362,0.003,0.7942
16,10.0,1,0.9,0.05,0.5,1.6174,0.0023,0.3681
16,10.0,1,0.9,0.05,0.7,1.4703,0.0018,0.1163
16,10.0,1,0.9,0.05,0.9,1.3977,0.0016,0.0
16,10.0,1,0.9,0.05,0.99,1.4777,0.0021,0.1445
16,10.0,1,0.9,0.05,0.999,1.5892,0.0027,0.3666
16,10.0,1,0.9,0.05,1.0,2.7248,0.0171,inf
16,10.0,200,0.5,0.05,0.0,60.4495,0.014,inf
16,10.0,200,0.5,0.05,0.1,49.7233,0.001,0.5108
16,10.0,200,0.5,0.05,0.3,49.2996,0.001,0.0872
16,10.0,200,0.5,0.05,0.5,49.2124,0.001,0.0
16,10.0,200,0.5,0.05,0.7,49.2996,0.001,0.0872
16,10.0,200,0.5,0.05,0.9,49.7232,0.001,0.5108
16,10.0,200,0.5,0.05,0.99,50.8268,0.0011,1.6145
16,10.0,200,0.5,0.05,0.999,51.9735,0.0011,2.7612
16,10.0,200,0.5,0.05,1.0,187.4536,0.3889,inf
16,10.0,200,0.7,0.05,0.0,60.4448,0.0196,inf
16,10.0,200,0.7,0.05,0.1,45.3861,0.0011,1.0326
16,10.0,200,0.7,0.05,0.3,44.6924,0.0011,0.3389
16,10.0,200,0.7,0.05,0.5,44.4358,0.0011,0.0823
16,10.0,200,0.7,0.05,0.7,44.3535,0.0011,0.0
16,10.0,200,0.7,0.05,0.9,44.5071,0.0011,0.1537
16,10.0,200,0.7,0.05,0.99,45.1312,0.0011,0.7777
16,10.0,200,0.7,0.05,0.999,45.8156,0.0011,1.4622
16,10.0,200,0.7,0.05,1.0,127.1032,0.2333,inf
16,10.0,200,0.9,0.05,0.0,60.4402,0.0252,inf
16,10.0,200,0.9,0.05,0.1,41.0489,0.0013,1.7578
16,10.0,200,0.9,0.05,0.3,40.0853,0.0013,0.7942
16,10.0,200,0.9,0.05,0.5,39.6592,0.0013,0.3681
16,10.0,200,0.9,0.05,0.7,39.4074,0.0013,0.1163
16,10.0,200,0.9,0.05,0.9,39.2911,0.0013,0.0
16,10.0,200,0.9,0.05,0.99,39.4355,0.0013,0.1445
16,10.0,200,0.9,0.05,0.999,39.6576,0.0013,0.3666
16,10.0,200,0.9,0.05,1.0,66.7529,0.0778,inf
16,10.0,1,0.5,0.001,0.0,2.5114,0.0036,inf
16,10.0,1,0.5,0.001,0.1,2.12,0.0021,0.5108
16,10.0,1,0.5,0.001,0.3,1.8622,0.0022,0.0872
16,10.0,1,0.5,0.001,0.5,1.7961,0.0027,0.0
16,10.0,1,0.5,0.001,0.7,1.8648,0.0034,0.0872
16,10.0,1,0.5,0.001,0.9,2.2124,0.0049,0.5108
16,10.0,1,0.5,0.001,0.99,3.1129,0.0078,1.6145
16,10.0,1,0.5,0.001,0.999,4.02,0.0108,2.7612
16,10.0,1,0.5,0.001,1.0,67.5122,0.7324,inf
16,10.0,1,0.7,0.001,0.0,2.5116,0.005,inf
16,10.0,1,0.7,0.001,0.1,1.9505,0.0026,1.0326
16,10.0,1,0.7,0.001,0.3,1.5269,0.0019,0.3389
16,10.0,1,0.7,0.001,0.5,1.3337,0.0019,0.0823
16,10.0,1,0.7,0.001,0.7,1.2666,0.0022,0.0
16,10.0,1,0.7,0.001,0.9,1.3918,0.0029,0.1537
16,10.0,1,0.7,0.001,0.99,1.9005,0.0047,0.7777
16,10.0,1,0.7,0.001,0.999,2.4418,0.0065,1.4622
16,10.0,1,0.7,0.001,1.0,40.5369,0.4395,inf
16,10.0,1,0.9,0.001,0.0,2.5119,0.0064,inf
16,10.0,1,0.9,0.001,0.1,1.7809,0.0033,1.7578
16,10.0,1,0.9,0.001,0.3,1.1915,0.002,0.7942
16,10.0,1,0.9,0.001,0.5,0.8713,0.0015,0.3681
16,10.0,1,0.9,0.001,0.7,0.6684,0.0012,0.1163
16,10.0,1,0.9,0.001,0.9,0.5711,0.0011,0.0
16,10.0,1,0.9,0.001,0.99,0.688,0.0016,0.1445
16,10.0,1,0.9,0.001,0.999,0.8636,0.0022,0.3666
16,10.0,1,0.9,0.001,1.0,13.5615,0.1465,inf
16,10.0,200,0.5,0.001,0.0,60.4583,0.0144,inf
16,10.0,200,0.5,0.001,0.1,35.7532,0.0009,0.5108
16,10.0,200,0.5,0.001,0.3,35.3296,0.0009,0.0872
16,10.0,200,0.5,0.001,0.5,35.2424,0.0009,0.0
16,10.0,200,0.5,0.001,0.7,35.3296,0.0009,0.0872
16,10.0,200,0.5,0.001,0.9,35.7532,0.0009,0.5108
16,10.0,200,0.5,0.001,0.99,36.8569,0.0009,1.6145
16,10.0,200,0.5,0.001,0.999,38.0036,0.0009,2.7612
16,10.0,200,0.5,0.001,1.0,5252.6656,13.4282,inf
16,10.0,200,0.7,0.001,0.0,60.4572,0.0201,inf
16,10.0,200,0.7,0.001,0.1,25.828,0.0008,1.0326
16,10.0,200,0.7,0.001,0.3,25.1343,0.0008,0.3389
16,10.0,200,0.7,0.001,0.5,24.8777,0.0008,0.0823
16,10.0,200,0.7,0.001,0.7,24.7954,0.0008,0.0
16,10.0,200,0.7,0.001,0.9,24.9491,0.0008,0.1537
16,10.0,200,0.7,0.001,0.99,25.5731,0.0008,0.7777
16,10.0,200,0.7,0.001,0.999,26.2576,0.0008,1.4622
16,10.0,200,0.7,0.001,1.0,3155.0544,8.0569,inf
16,10.0,200,0.9,0.001,0.0,60.4561,0.0259,inf
16,10.0,200,0.9,0.001,0.1,15.9027,0.0009,1.7578
16,10.0,200,0.9,0.001,0.3,14.9391,0.0009,0.7942
16,10.0,200,0.9,0.001,0.5,14.513,0.0009,0.3681
16,10.0,200,0.9,0.001,0.7,14.2612,0.0009,0.1163
16,10.0,200,0.9,0.001,0.9,14.1449,0.0009,0.0
16,10.0,200,0.9,0.001,0.99,14.2894,0.0009,0.1445
16,10.0,200,0.9,0.001,0.999,14.5115,0.0009,0.3666
16,10.0,200,0.9,0.001,1.0,1057.4431,2.6856,inf
