seed,d,a0,r,p,n,R_ex,R_desc,ident,worth
0,16,10.0,0.05,1.0,0,2.5131,1.0747,0.0,16.89
0,16,10.0,0.05,1.0,1,2.4772,1.0528,0.0,16.06
0,16,10.0,0.05,1.0,2,2.4418,1.0187,0.0,15.34
0,16,10.0,0.05,1.0,3,2.4059,0.9968,0.0,14.52
0,16,10.0,0.05,1.0,4,2.3683,0.9684,0.0,13.76
0,16,10.0,0.05,1.0,5,2.3178,0.9307,0.0,13.09
0,16,10.0,0.05,1.0,6,2.2585,0.9059,0.0,12.33
0,16,10.0,0.05,1.0,7,2.2074,0.872,0.0,11.66
0,16,10.0,0.05,1.0,8,2.157,0.8392,0.0,10.98
0,16,10.0,0.05,1.0,9,2.0677,0.8118,0.0,10.33
0,16,10.0,0.05,1.0,10,1.9916,0.777,0.0,9.78
0,16,10.0,0.05,1.0,11,1.911,0.7396,0.0,9.25
0,16,10.0,0.05,1.0,12,1.79,0.7163,0.0,8.55
0,16,10.0,0.05,1.0,13,1.6763,0.6777,0.0,8.04
0,16,10.0,0.05,1.0,14,1.5082,0.6504,0.0,7.49
0,16,10.0,0.05,1.0,15,1.3547,0.6277,0.0,6.86
0,16,10.0,0.05,1.0,16,1.1964,0.5906,0.0,6.7
0,16,10.0,0.05,1.0,17,1.0597,0.5583,0.0,6.49
0,16,10.0,0.05,1.0,18,0.9399,0.5371,0.0,6.01
0,16,10.0,0.05,1.0,19,0.8375,0.5131,0.0,5.61
0,16,10.0,0.05,1.0,20,0.7598,0.4842,0.0,5.42
0,16,10.0,0.05,1.0,21,0.6802,0.4585,0.0,5.25
0,16,10.0,0.05,1.0,22,0.6192,0.4461,0.0,4.67
0,16,10.0,0.05,1.0,23,0.5782,0.423,0.0,4.53
0,16,10.0,0.05,1.0,24,0.5377,0.4114,0.0,3.98
0,16,10.0,0.05,1.0,25,0.4976,0.3931,0.0,3.98
0,16,10.0,0.05,1.0,26,0.4657,0.3754,0.0,4.12
0,16,10.0,0.05,1.0,27,0.4366,0.3627,0.0,3.73
0,16,10.0,0.05,1.0,28,0.411,0.3416,0.0,4.09
0,16,10.0,0.05,1.0,29,0.3928,0.3262,0.0,3.92
0,16,10.0,0.05,1.0,30,0.3778,0.317,0.0,3.97
0,16,10.0,0.05,1.0,31,0.3573,0.3043,0.0,4.11
0,16,10.0,0.05,1.0,32,0.3434,0.2944,0.0,3.91
0,16,10.0,0.05,1.0,33,0.3247,0.2836,0.0,3.57
0,16,10.0,0.05,1.0,34,0.3167,0.2771,0.0,2.95
0,16,10.0,0.05,1.0,35,0.3058,0.2687,0.0,3.24
0,16,10.0,0.05,1.0,36,0.2932,0.2625,0.0,3.17
0,16,10.0,0.05,1.0,37,0.2763,0.2496,0.0,3.92
0,16,10.0,0.05,1.0,38,0.2701,0.2443,0.0,3.46
0,16,10.0,0.05,1.0,39,0.2646,0.2375,0.0,3.12
0,16,10.0,0.05,1.0,40,0.2523,0.2307,0.0,3.04
0,16,10.0,0.05,0.9,0,2.5131,1.3886,0.3163,14.78
0,16,10.0,0.05,0.9,1,2.4772,1.2729,0.1402,14.52
0,16,10.0,0.05,0.9,2,2.4418,1.1817,0.0574,14.11
0,16,10.0,0.05,0.9,3,2.4059,1.1387,0.0302,13.42
0,16,10.0,0.05,0.9,4,2.3683,1.1164,0.0235,12.59
0,16,10.0,0.05,0.9,5,2.3178,1.0699,0.0095,11.93
0,16,10.0,0.05,0.9,6,2.2585,1.0366,0.0025,11.19
0,16,10.0,0.05,0.9,7,2.2074,0.9994,0.0024,10.5
0,16,10.0,0.05,0.9,8,2.157,0.9668,0.0025,9.78
0,16,10.0,0.05,0.9,9,2.0677,0.9337,0.0001,9.06
0,16,10.0,0.05,0.9,10,1.9916,0.8918,0.0,8.47
0,16,10.0,0.05,0.9,11,1.911,0.8503,0.0,7.87
0,16,10.0,0.05,0.9,12,1.79,0.8195,0.0,7.23
0,16,10.0,0.05,0.9,13,1.6763,0.7716,0.0,6.85
0,16,10.0,0.05,0.9,14,1.5082,0.7375,0.0,6.28
0,16,10.0,0.05,0.9,15,1.3547,0.7007,0.0001,5.74
0,16,10.0,0.05,0.9,16,1.1964,0.6476,0.0,5.53
0,16,10.0,0.05,0.9,17,1.0597,0.6035,0.0,5.38
0,16,10.0,0.05,0.9,18,0.9399,0.5763,0.0,5.05
0,16,10.0,0.05,0.9,19,0.8375,0.5442,0.0,4.84
0,16,10.0,0.05,0.9,20,0.7598,0.5085,0.0,4.73
0,16,10.0,0.05,0.9,21,0.6802,0.4783,0.0,4.6
0,16,10.0,0.05,0.9,22,0.6192,0.4629,0.0,4.1
0,16,10.0,0.05,0.9,23,0.5782,0.4376,0.0,3.97
0,16,10.0,0.05,0.9,24,0.5377,0.4246,0.0,3.47
0,16,10.0,0.05,0.9,25,0.4976,0.4046,0.0,3.35
0,16,10.0,0.05,0.9,26,0.4657,0.3846,0.0,3.55
0,16,10.0,0.05,0.9,27,0.4366,0.3715,0.0,3.31
0,16,10.0,0.05,0.9,28,0.411,0.3486,0.0,3.63
0,16,10.0,0.05,0.9,29,0.3928,0.3327,0.0,3.57
0,16,10.0,0.05,0.9,30,0.3778,0.3224,0.0,3.29
0,16,10.0,0.05,0.9,31,0.3573,0.3094,0.0,3.67
0,16,10.0,0.05,0.9,32,0.3434,0.2989,0.0,3.55
0,16,10.0,0.05,0.9,33,0.3247,0.2877,0.0,3.32
0,16,10.0,0.05,0.9,34,0.3167,0.2809,0.0,2.73
0,16,10.0,0.05,0.9,35,0.3058,0.272,0.0,2.69
0,16,10.0,0.05,0.9,36,0.2932,0.2657,0.0,2.79
0,16,10.0,0.05,0.9,37,0.2763,0.2524,0.0,3.0
0,16,10.0,0.05,0.9,38,0.2701,0.247,0.0,3.21
0,16,10.0,0.05,0.9,39,0.2646,0.2399,0.0,2.86
0,16,10.0,0.05,0.9,40,0.2523,0.233,0.0,2.71
0,16,10.0,0.001,1.0,0,2.5131,0.0737,0.0,115.65
0,16,10.0,0.001,1.0,1,2.4772,0.0741,0.0,114.04
0,16,10.0,0.001,1.0,2,2.4418,0.072,0.0,116.44
0,16,10.0,0.001,1.0,3,2.4059,0.0722,0.0,115.3
0,16,10.0,0.001,1.0,4,2.3683,0.0717,0.0,114.74
0,16,10.0,0.001,1.0,5,2.3178,0.0701,0.0,115.95
0,16,10.0,0.001,1.0,6,2.2585,0.0706,0.0,114.62
0,16,10.0,0.001,1.0,7,2.2074,0.0693,0.0,117.24
0,16,10.0,0.001,1.0,8,2.157,0.0685,0.0,116.85
0,16,10.0,0.001,1.0,9,2.0677,0.0686,0.0,115.84
0,16,10.0,0.001,1.0,10,1.9916,0.0681,0.0,115.91
0,16,10.0,0.001,1.0,11,1.911,0.0667,0.0,115.87
0,16,10.0,0.001,1.0,12,1.79,0.0674,0.0,114.45
0,16,10.0,0.001,1.0,13,1.6763,0.0666,0.0,113.94
0,16,10.0,0.001,1.0,14,1.5082,0.0669,0.0,112.78
0,16,10.0,0.001,1.0,15,1.3547,0.0662,0.0,113.77
0,16,10.0,0.001,1.0,16,1.1964,0.0653,0.0,114.14
0,16,10.0,0.001,1.0,17,1.0597,0.0647,0.0,113.8
0,16,10.0,0.001,1.0,18,0.9399,0.0641,0.0,115.06
0,16,10.0,0.001,1.0,19,0.8375,0.064,0.0,114.13
0,16,10.0,0.001,1.0,20,0.7598,0.0632,0.0,113.87
0,16,10.0,0.001,1.0,21,0.6802,0.0623,0.0,116.64
0,16,10.0,0.001,1.0,22,0.6192,0.0627,0.0,113.79
0,16,10.0,0.001,1.0,23,0.5782,0.0622,0.0,114.72
0,16,10.0,0.001,1.0,24,0.5377,0.0624,0.0,113.49
0,16,10.0,0.001,1.0,25,0.4976,0.062,0.0,112.94
0,16,10.0,0.001,1.0,26,0.4657,0.0613,0.0,113.15
0,16,10.0,0.001,1.0,27,0.4366,0.0606,0.0,112.8
0,16,10.0,0.001,1.0,28,0.411,0.0601,0.0,113.66
0,16,10.0,0.001,1.0,29,0.3928,0.0589,0.0,113.89
0,16,10.0,0.001,1.0,30,0.3778,0.0591,0.0,112.68
0,16,10.0,0.001,1.0,31,0.3573,0.0585,0.0,113.87
0,16,10.0,0.001,1.0,32,0.3434,0.0579,0.0,115.0
0,16,10.0,0.001,1.0,33,0.3247,0.0573,0.0,114.42
0,16,10.0,0.001,1.0,34,0.3167,0.0579,0.0,112.73
0,16,10.0,0.001,1.0,35,0.3058,0.0576,0.0,112.18
0,16,10.0,0.001,1.0,36,0.2932,0.0574,0.0,111.35
0,16,10.0,0.001,1.0,37,0.2763,0.056,0.0,nan
0,16,10.0,0.001,1.0,38,0.2701,0.0563,0.0,nan
0,16,10.0,0.001,1.0,39,0.2646,0.0558,0.0,nan
0,16,10.0,0.001,1.0,40,0.2523,0.0554,0.0,nan
0,16,10.0,0.001,0.9,0,2.5131,0.5534,0.3163,23.61
0,16,10.0,0.001,0.9,1,2.4772,0.3619,0.0706,29.78
0,16,10.0,0.001,0.9,2,2.4418,0.3087,0.015,32.73
0,16,10.0,0.001,0.9,3,2.4059,0.3002,0.0046,32.45
0,16,10.0,0.001,0.9,4,2.3683,0.2922,0.0002,32.06
0,16,10.0,0.001,0.9,5,2.3178,0.2846,0.0,31.51
0,16,10.0,0.001,0.9,6,2.2585,0.2835,0.0,30.58
0,16,10.0,0.001,0.9,7,2.2074,0.2719,0.0,30.7
0,16,10.0,0.001,0.9,8,2.157,0.2682,0.0,30.34
0,16,10.0,0.001,0.9,9,2.0677,0.2625,0.0,30.17
0,16,10.0,0.001,0.9,10,1.9916,0.2498,0.0,30.86
0,16,10.0,0.001,0.9,11,1.911,0.2421,0.0,30.66
0,16,10.0,0.001,0.9,12,1.79,0.232,0.0,30.85
0,16,10.0,0.001,0.9,13,1.6763,0.2191,0.0,31.71
0,16,10.0,0.001,0.9,14,1.5082,0.2107,0.0,32.65
0,16,10.0,0.001,0.9,15,1.3547,0.1938,0.0,34.21
0,16,10.0,0.001,0.9,16,1.1964,0.1719,0.0,38.59
0,16,10.0,0.001,0.9,17,1.0597,0.1566,0.0,42.39
0,16,10.0,0.001,0.9,18,0.9399,0.1474,0.0,44.35
0,16,10.0,0.001,0.9,19,0.8375,0.1379,0.0,46.91
0,16,10.0,0.001,0.9,20,0.7598,0.1273,0.0,50.18
0,16,10.0,0.001,0.9,21,0.6802,0.1184,0.0,54.9
0,16,10.0,0.001,0.9,22,0.6192,0.1157,0.0,55.37
0,16,10.0,0.001,0.9,23,0.5782,0.112,0.0,56.22
0,16,10.0,0.001,0.9,24,0.5377,0.1105,0.0,55.79
0,16,10.0,0.001,0.9,25,0.4976,0.1055,0.0,58.67
0,16,10.0,0.001,0.9,26,0.4657,0.0997,0.0,62.43
0,16,10.0,0.001,0.9,27,0.4366,0.0988,0.0,61.7
0,16,10.0,0.001,0.9,28,0.411,0.0932,0.0,65.87
0,16,10.0,0.001,0.9,29,0.3928,0.0918,0.0,66.48
0,16,10.0,0.001,0.9,30,0.3778,0.0889,0.0,68.13
0,16,10.0,0.001,0.9,31,0.3573,0.0872,0.0,69.23
0,16,10.0,0.001,0.9,32,0.3434,0.0851,0.0,69.25
0,16,10.0,0.001,0.9,33,0.3247,0.0833,0.0,71.06
0,16,10.0,0.001,0.9,34,0.3167,0.0823,0.0,70.8
0,16,10.0,0.001,0.9,35,0.3058,0.0808,0.0,72.39
0,16,10.0,0.001,0.9,36,0.2932,0.0811,0.0,71.24
0,16,10.0,0.001,0.9,37,0.2763,0.0776,0.0,74.44
0,16,10.0,0.001,0.9,38,0.2701,0.0773,0.0,73.67
0,16,10.0,0.001,0.9,39,0.2646,0.076,0.0,74.4
0,16,10.0,0.001,0.9,40,0.2523,0.075,0.0,74.34
1,16,10.0,0.05,1.0,0,2.506,1.0677,0.0,17.0
1,16,10.0,0.05,1.0,1,2.4771,1.0466,0.0,16.16
1,16,10.0,0.05,1.0,2,2.4379,1.0165,0.0,15.39
1,16,10.0,0.05,1.0,3,2.3936,0.99,0.0,14.59
1,16,10.0,0.05,1.0,4,2.3564,0.963,0.0,13.8
1,16,10.0,0.05,1.0,5,2.3095,0.9378,0.0,12.99
1,16,10.0,0.05,1.0,6,2.2633,0.9036,0.0,12.32
1,16,10.0,0.05,1.0,7,2.2041,0.8762,0.0,11.59
1,16,10.0,0.05,1.0,8,2.1398,0.8424,0.0,10.93
1,16,10.0,0.05,1.0,9,2.0758,0.8083,0.0,10.29
1,16,10.0,0.05,1.0,10,1.9993,0.7831,0.0,9.57
1,16,10.0,0.05,1.0,11,1.9134,0.7497,0.0,8.94
1,16,10.0,0.05,1.0,12,1.7926,0.7121,0.0,8.44
1,16,10.0,0.05,1.0,13,1.679,0.6854,0.0,7.8
1,16,10.0,0.05,1.0,14,1.5329,0.6467,0.0,7.48
1,16,10.0,0.05,1.0,15,1.3762,0.6199,0.0,7.01
1,16,10.0,0.05,1.0,16,1.1965,0.5946,0.0,6.68
1,16,10.0,0.05,1.0,17,1.0677,0.5546,0.0,6.55
1,16,10.0,0.05,1.0,18,0.936,0.5322,0.0,5.99
1,16,10.0,0.05,1.0,19,0.8351,0.5131,0.0,5.57
1,16,10.0,0.05,1.0,20,0.7442,0.4881,0.0,5.28
1,16,10.0,0.05,1.0,21,0.6705,0.4631,0.0,4.9
1,16,10.0,0.05,1.0,22,0.6204,0.4484,0.0,4.48
1,16,10.0,0.05,1.0,23,0.5827,0.4269,0.0,4.54
1,16,10.0,0.05,1.0,24,0.5315,0.4007,0.0,4.69
1,16,10.0,0.05,1.0,25,0.4995,0.386,0.0,4.42
1,16,10.0,0.05,1.0,26,0.4589,0.3715,0.0,4.28
1,16,10.0,0.05,1.0,27,0.437,0.3562,0.0,4.13
1,16,10.0,0.05,1.0,28,0.4184,0.3417,0.0,4.07
1,16,10.0,0.05,1.0,29,0.3927,0.334,0.0,3.45
1,16,10.0,0.05,1.0,30,0.3768,0.3178,0.0,3.42
1,16,10.0,0.05,1.0,31,0.3583,0.3072,0.0,3.39
1,16,10.0,0.05,1.0,32,0.343,0.2948,0.0,3.78
1,16,10.0,0.05,1.0,33,0.3229,0.287,0.0,3.47
1,16,10.0,0.05,1.0,34,0.3107,0.2785,0.0,3.2
1,16,10.0,0.05,1.0,35,0.3019,0.2702,0.0,3.04
1,16,10.0,0.05,1.0,36,0.2928,0.262,0.0,2.96
1,16,10.0,0.05,1.0,37,0.2805,0.2495,0.0,3.54
1,16,10.0,0.05,1.0,38,0.2706,0.2454,0.0,2.98
1,16,10.0,0.05,1.0,39,0.2616,0.2358,0.0,3.48
1,16,10.0,0.05,1.0,40,0.2546,0.2286,0.0,3.6
1,16,10.0,0.05,0.9,0,2.506,1.3945,0.3207,14.88
1,16,10.0,0.05,0.9,1,2.4771,1.2635,0.1345,14.63
1,16,10.0,0.05,0.9,2,2.4379,1.1796,0.0575,14.13
1,16,10.0,0.05,0.9,3,2.3936,1.1456,0.0329,13.4
1,16,10.0,0.05,0.9,4,2.3564,1.1082,0.015,12.69
1,16,10.0,0.05,0.9,5,2.3095,1.0758,0.0065,11.94
1,16,10.0,0.05,0.9,6,2.2633,1.0394,0.0039,11.21
1,16,10.0,0.05,0.9,7,2.2041,1.0064,0.0004,10.47
1,16,10.0,0.05,0.9,8,2.1398,0.9702,0.0006,9.74
1,16,10.0,0.05,0.9,9,2.0758,0.9323,0.0001,9.04
1,16,10.0,0.05,0.9,10,1.9993,0.9027,0.0,8.33
1,16,10.0,0.05,0.9,11,1.9134,0.8635,0.0,7.72
1,16,10.0,0.05,0.9,12,1.7926,0.8182,0.0,7.19
1,16,10.0,0.05,0.9,13,1.679,0.7792,0.0,6.61
1,16,10.0,0.05,0.9,14,1.5329,0.732,0.0,6.17
1,16,10.0,0.05,0.9,15,1.3762,0.6966,0.0,5.65
1,16,10.0,0.05,0.9,16,1.1965,0.6533,0.0,5.34
1,16,10.0,0.05,0.9,17,1.0677,0.6055,0.0,5.4
1,16,10.0,0.05,0.9,18,0.936,0.5709,0.0,5.23
1,16,10.0,0.05,0.9,19,0.8351,0.545,0.0,4.74
1,16,10.0,0.05,0.9,20,0.7442,0.5117,0.0,4.62
1,16,10.0,0.05,0.9,21,0.6705,0.4837,0.0,4.39
1,16,10.0,0.05,0.9,22,0.6204,0.4658,0.0,3.83
1,16,10.0,0.05,0.9,23,0.5827,0.4421,0.0,3.77
1,16,10.0,0.05,0.9,24,0.5315,0.4134,0.0,4.19
1,16,10.0,0.05,0.9,25,0.4995,0.3972,0.0,3.82
1,16,10.0,0.05,0.9,26,0.4589,0.3809,0.0,3.74
1,16,10.0,0.05,0.9,27,0.437,0.3648,0.0,3.65
1,16,10.0,0.05,0.9,28,0.4184,0.3491,0.0,3.6
1,16,10.0,0.05,0.9,29,0.3927,0.34,0.0,3.15
1,16,10.0,0.05,0.9,30,0.3768,0.3235,0.0,2.97
1,16,10.0,0.05,0.9,31,0.3583,0.3124,0.0,2.86
1,16,10.0,0.05,0.9,32,0.343,0.2991,0.0,3.31
1,16,10.0,0.05,0.9,33,0.3229,0.2912,0.0,3.13
1,16,10.0,0.05,0.9,34,0.3107,0.2824,0.0,2.84
1,16,10.0,0.05,0.9,35,0.3019,0.2739,0.0,2.66
1,16,10.0,0.05,0.9,36,0.2928,0.2651,0.0,2.62
1,16,10.0,0.05,0.9,37,0.2805,0.2524,0.0,3.24
1,16,10.0,0.05,0.9,38,0.2706,0.2481,0.0,2.69
1,16,10.0,0.05,0.9,39,0.2616,0.2382,0.0,3.16
1,16,10.0,0.05,0.9,40,0.2546,0.2309,0.0,3.19
1,16,10.0,0.001,1.0,0,2.506,0.0727,0.0,118.47
1,16,10.0,0.001,1.0,1,2.4771,0.073,0.0,117.09
1,16,10.0,0.001,1.0,2,2.4379,0.0717,0.0,117.76
1,16,10.0,0.001,1.0,3,2.3936,0.0717,0.0,116.82
1,16,10.0,0.001,1.0,4,2.3564,0.0711,0.0,116.52
1,16,10.0,0.001,1.0,5,2.3095,0.071,0.0,115.74
1,16,10.0,0.001,1.0,6,2.2633,0.0695,0.0,117.62
1,16,10.0,0.001,1.0,7,2.2041,0.0699,0.0,114.95
1,16,10.0,0.001,1.0,8,2.1398,0.0691,0.0,115.88
1,16,10.0,0.001,1.0,9,2.0758,0.0683,0.0,116.67
1,16,10.0,0.001,1.0,10,1.9993,0.0683,0.0,115.61
1,16,10.0,0.001,1.0,11,1.9134,0.0682,0.0,114.78
1,16,10.0,0.001,1.0,12,1.7926,0.067,0.0,116.05
1,16,10.0,0.001,1.0,13,1.679,0.0676,0.0,113.45
1,16,10.0,0.001,1.0,14,1.5329,0.066,0.0,114.97
1,16,10.0,0.001,1.0,15,1.3762,0.0661,0.0,113.91
1,16,10.0,0.001,1.0,16,1.1965,0.0658,0.0,114.03
1,16,10.0,0.001,1.0,17,1.0677,0.064,0.0,115.97
1,16,10.0,0.001,1.0,18,0.936,0.0633,0.0,116.43
1,16,10.0,0.001,1.0,19,0.8351,0.0644,0.0,113.76
1,16,10.0,0.001,1.0,20,0.7442,0.0637,0.0,113.43
1,16,10.0,0.001,1.0,21,0.6705,0.063,0.0,115.0
1,16,10.0,0.001,1.0,22,0.6204,0.0629,0.0,114.09
1,16,10.0,0.001,1.0,23,0.5827,0.0623,0.0,113.54
1,16,10.0,0.001,1.0,24,0.5315,0.061,0.0,116.0
1,16,10.0,0.001,1.0,25,0.4995,0.0612,0.0,114.84
1,16,10.0,0.001,1.0,26,0.4589,0.0606,0.0,114.6
1,16,10.0,0.001,1.0,27,0.437,0.0601,0.0,115.3
1,16,10.0,0.001,1.0,28,0.4184,0.0593,0.0,115.03
1,16,10.0,0.001,1.0,29,0.3927,0.0599,0.0,113.5
1,16,10.0,0.001,1.0,30,0.3768,0.0588,0.0,114.21
1,16,10.0,0.001,1.0,31,0.3583,0.059,0.0,112.77
1,16,10.0,0.001,1.0,32,0.343,0.0581,0.0,114.47
1,16,10.0,0.001,1.0,33,0.3229,0.0578,0.0,113.9
1,16,10.0,0.001,1.0,34,0.3107,0.0575,0.0,113.19
1,16,10.0,0.001,1.0,35,0.3019,0.0576,0.0,112.12
1,16,10.0,0.001,1.0,36,0.2928,0.0571,0.0,111.52
1,16,10.0,0.001,1.0,37,0.2805,0.0562,0.0,nan
1,16,10.0,0.001,1.0,38,0.2706,0.0562,0.0,nan
1,16,10.0,0.001,1.0,39,0.2616,0.0554,0.0,nan
1,16,10.0,0.001,1.0,40,0.2546,0.0552,0.0,nan
1,16,10.0,0.001,0.9,0,2.506,0.5736,0.3207,23.18
1,16,10.0,0.001,0.9,1,2.4771,0.3537,0.0579,30.3
1,16,10.0,0.001,0.9,2,2.4379,0.3036,0.0133,32.8
1,16,10.0,0.001,0.9,3,2.3936,0.3084,0.0103,31.26
1,16,10.0,0.001,0.9,4,2.3564,0.2983,0.0013,31.4
1,16,10.0,0.001,0.9,5,2.3095,0.2918,0.0,31.08
1,16,10.0,0.001,0.9,6,2.2633,0.282,0.0,30.88
1,16,10.0,0.001,0.9,7,2.2041,0.2803,0.0,30.01
1,16,10.0,0.001,0.9,8,2.1398,0.2714,0.0,29.92
1,16,10.0,0.001,0.9,9,2.0758,0.2648,0.0,29.65
1,16,10.0,0.001,0.9,10,1.9993,0.2587,0.0,29.41
1,16,10.0,0.001,0.9,11,1.9134,0.249,0.0,29.6
1,16,10.0,0.001,0.9,12,1.7926,0.2376,0.0,30.24
1,16,10.0,0.001,0.9,13,1.679,0.2219,0.0,31.58
1,16,10.0,0.001,0.9,14,1.5329,0.2086,0.0,33.12
1,16,10.0,0.001,0.9,15,1.3762,0.1971,0.0,33.69
1,16,10.0,0.001,0.9,16,1.1965,0.1771,0.0,37.33
1,16,10.0,0.001,0.9,17,1.0677,0.1625,0.0,40.51
1,16,10.0,0.001,0.9,18,0.936,0.1478,0.0,44.53
1,16,10.0,0.001,0.9,19,0.8351,0.1405,0.0,46.41
1,16,10.0,0.001,0.9,20,0.7442,0.1276,0.0,51.1
1,16,10.0,0.001,0.9,21,0.6705,0.1223,0.0,52.51
1,16,10.0,0.001,0.9,22,0.6204,0.1165,0.0,54.75
1,16,10.0,0.001,0.9,23,0.5827,0.1132,0.0,56.02
1,16,10.0,0.001,0.9,24,0.5315,0.1077,0.0,57.64
1,16,10.0,0.001,0.9,25,0.4995,0.1046,0.0,59.66
1,16,10.0,0.001,0.9,26,0.4589,0.0998,0.0,62.31
1,16,10.0,0.001,0.9,27,0.437,0.0981,0.0,62.01
1,16,10.0,0.001,0.9,28,0.4184,0.0945,0.0,64.51
1,16,10.0,0.001,0.9,29,0.3927,0.0918,0.0,66.62
1,16,10.0,0.001,0.9,30,0.3768,0.0898,0.0,67.23
1,16,10.0,0.001,0.9,31,0.3583,0.0881,0.0,68.34
1,16,10.0,0.001,0.9,32,0.343,0.0851,0.0,69.74
1,16,10.0,0.001,0.9,33,0.3229,0.0839,0.0,69.7
1,16,10.0,0.001,0.9,34,0.3107,0.0826,0.0,70.9
1,16,10.0,0.001,0.9,35,0.3019,0.0827,0.0,69.87
1,16,10.0,0.001,0.9,36,0.2928,0.08,0.0,71.94
1,16,10.0,0.001,0.9,37,0.2805,0.0778,0.0,74.09
1,16,10.0,0.001,0.9,38,0.2706,0.0775,0.0,73.27
1,16,10.0,0.001,0.9,39,0.2616,0.0754,0.0,75.49
1,16,10.0,0.001,0.9,40,0.2546,0.0744,0.0,75.38
2,16,10.0,0.05,1.0,0,2.5109,1.0767,0.0,16.92
2,16,10.0,0.05,1.0,1,2.4833,1.0516,0.0,16.12
2,16,10.0,0.05,1.0,2,2.4364,1.0212,0.0,15.37
2,16,10.0,0.05,1.0,3,2.3998,0.9966,0.0,14.58
2,16,10.0,0.05,1.0,4,2.3635,0.9686,0.0,13.81
2,16,10.0,0.05,1.0,5,2.3025,0.9338,0.0,13.11
2,16,10.0,0.05,1.0,6,2.2669,0.9088,0.0,12.32
2,16,10.0,0.05,1.0,7,2.2058,0.8755,0.0,11.6
2,16,10.0,0.05,1.0,8,2.1469,0.8455,0.0,10.86
2,16,10.0,0.05,1.0,9,2.0651,0.8165,0.0,10.18
2,16,10.0,0.05,1.0,10,1.9934,0.7819,0.0,9.65
2,16,10.0,0.05,1.0,11,1.9048,0.7506,0.0,9.08
2,16,10.0,0.05,1.0,12,1.7925,0.7196,0.0,8.54
2,16,10.0,0.05,1.0,13,1.6708,0.6745,0.0,8.21
2,16,10.0,0.05,1.0,14,1.5119,0.6452,0.0,7.69
2,16,10.0,0.05,1.0,15,1.3703,0.6147,0.0,7.22
2,16,10.0,0.05,1.0,16,1.2019,0.5881,0.0,6.73
2,16,10.0,0.05,1.0,17,1.0662,0.5574,0.0,6.41
2,16,10.0,0.05,1.0,18,0.946,0.5298,0.0,6.12
2,16,10.0,0.05,1.0,19,0.8294,0.5101,0.0,5.7
2,16,10.0,0.05,1.0,20,0.7564,0.4847,0.0,5.38
2,16,10.0,0.05,1.0,21,0.6876,0.465,0.0,4.88
2,16,10.0,0.05,1.0,22,0.6259,0.4474,0.0,5.04
2,16,10.0,0.05,1.0,23,0.5741,0.4228,0.0,4.81
2,16,10.0,0.05,1.0,24,0.5339,0.4022,0.0,4.53
2,16,10.0,0.05,1.0,25,0.5,0.3881,0.0,4.09
2,16,10.0,0.05,1.0,26,0.4602,0.3694,0.0,4.25
2,16,10.0,0.05,1.0,27,0.4486,0.3544,0.0,4.2
2,16,10.0,0.05,1.0,28,0.4165,0.3377,0.0,4.22
2,16,10.0,0.05,1.0,29,0.3896,0.3352,0.0,3.41
2,16,10.0,0.05,1.0,30,0.3731,0.3205,0.0,3.54
2,16,10.0,0.05,1.0,31,0.3578,0.3107,0.0,3.34
2,16,10.0,0.05,1.0,32,0.3406,0.293,0.0,3.9
2,16,10.0,0.05,1.0,33,0.3276,0.2828,0.0,3.78
2,16,10.0,0.05,1.0,34,0.3143,0.2786,0.0,3.19
2,16,10.0,0.05,1.0,35,0.3037,0.2674,0.0,3.54
2,16,10.0,0.05,1.0,36,0.2918,0.2609,0.0,3.29
2,16,10.0,0.05,1.0,37,0.2803,0.2497,0.0,3.45
2,16,10.0,0.05,1.0,38,0.2712,0.245,0.0,3.06
2,16,10.0,0.05,1.0,39,0.2642,0.2404,0.0,2.54
2,16,10.0,0.05,1.0,40,0.253,0.231,0.0,2.82
2,16,10.0,0.05,0.9,0,2.5109,1.4116,0.3306,14.71
2,16,10.0,0.05,0.9,1,2.4833,1.2838,0.1427,14.51
2,16,10.0,0.05,0.9,2,2.4364,1.2004,0.0569,14.01
2,16,10.0,0.05,0.9,3,2.3998,1.1522,0.0229,13.37
2,16,10.0,0.05,0.9,4,2.3635,1.1203,0.0115,12.6
2,16,10.0,0.05,0.9,5,2.3025,1.0766,0.0025,11.92
2,16,10.0,0.05,0.9,6,2.2669,1.049,0.0008,11.14
2,16,10.0,0.05,0.9,7,2.2058,1.0123,0.0003,10.45
2,16,10.0,0.05,0.9,8,2.1469,0.9783,0.0001,9.73
2,16,10.0,0.05,0.9,9,2.0651,0.9468,0.0001,8.99
2,16,10.0,0.05,0.9,10,1.9934,0.907,0.0,8.33
2,16,10.0,0.05,0.9,11,1.9048,0.871,0.0001,7.64
2,16,10.0,0.05,0.9,12,1.7925,0.8306,0.0002,6.99
2,16,10.0,0.05,0.9,13,1.6708,0.7727,0.0,6.78
2,16,10.0,0.05,0.9,14,1.5119,0.7343,0.0,6.32
2,16,10.0,0.05,0.9,15,1.3703,0.6907,0.0,5.96
2,16,10.0,0.05,0.9,16,1.2019,0.6523,0.0,5.57
2,16,10.0,0.05,0.9,17,1.0662,0.6076,0.0,5.35
2,16,10.0,0.05,0.9,18,0.946,0.5723,0.0,5.04
2,16,10.0,0.05,0.9,19,0.8294,0.5433,0.0,4.76
2,16,10.0,0.05,0.9,20,0.7564,0.5113,0.0,4.67
2,16,10.0,0.05,0.9,21,0.6876,0.4863,0.0,4.34
2,16,10.0,0.05,0.9,22,0.6259,0.4661,0.0,3.85
2,16,10.0,0.05,0.9,23,0.5741,0.4378,0.0,4.34
2,16,10.0,0.05,0.9,24,0.5339,0.4151,0.0,4.05
2,16,10.0,0.05,0.9,25,0.5,0.399,0.0,3.65
2,16,10.0,0.05,0.9,26,0.4602,0.3786,0.0,3.67
2,16,10.0,0.05,0.9,27,0.4486,0.3631,0.0,3.65
2,16,10.0,0.05,0.9,28,0.4165,0.3452,0.0,3.74
2,16,10.0,0.05,0.9,29,0.3896,0.3422,0.0,2.91
2,16,10.0,0.05,0.9,30,0.3731,0.3268,0.0,3.06
2,16,10.0,0.05,0.9,31,0.3578,0.3162,0.0,2.86
2,16,10.0,0.05,0.9,32,0.3406,0.2977,0.0,3.5
2,16,10.0,0.05,0.9,33,0.3276,0.2872,0.0,3.4
2,16,10.0,0.05,0.9,34,0.3143,0.2827,0.0,2.79
2,16,10.0,0.05,0.9,35,0.3037,0.271,0.0,3.02
2,16,10.0,0.05,0.9,36,0.2918,0.2644,0.0,2.98
2,16,10.0,0.05,0.9,37,0.2803,0.2524,0.0,3.08
2,16,10.0,0.05,0.9,38,0.2712,0.2478,0.0,2.71
2,16,10.0,0.05,0.9,39,0.2642,0.2431,0.0,2.26
2,16,10.0,0.05,0.9,40,0.253,0.2334,0.0,2.42
2,16,10.0,0.001,1.0,0,2.5109,0.074,0.0,115.94
2,16,10.0,0.001,1.0,1,2.4833,0.0734,0.0,116.24
2,16,10.0,0.001,1.0,2,2.4364,0.0723,0.0,115.78
2,16,10.0,0.001,1.0,3,2.3998,0.0723,0.0,114.82
2,16,10.0,0.001,1.0,4,2.3635,0.0718,0.0,114.13
2,16,10.0,0.001,1.0,5,2.3025,0.0701,0.0,117.79
2,16,10.0,0.001,1.0,6,2.2669,0.0704,0.0,114.9
2,16,10.0,0.001,1.0,7,2.2058,0.0698,0.0,116.1
2,16,10.0,0.001,1.0,8,2.1469,0.0692,0.0,115.73
2,16,10.0,0.001,1.0,9,2.0651,0.0691,0.0,114.76
2,16,10.0,0.001,1.0,10,1.9934,0.0685,0.0,114.5
2,16,10.0,0.001,1.0,11,1.9048,0.0683,0.0,113.86
2,16,10.0,0.001,1.0,12,1.7925,0.0681,0.0,113.09
2,16,10.0,0.001,1.0,13,1.6708,0.066,0.0,115.5
2,16,10.0,0.001,1.0,14,1.5119,0.0654,0.0,116.24
2,16,10.0,0.001,1.0,15,1.3703,0.0649,0.0,115.6
2,16,10.0,0.001,1.0,16,1.2019,0.0646,0.0,114.91
2,16,10.0,0.001,1.0,17,1.0662,0.0638,0.0,115.78
2,16,10.0,0.001,1.0,18,0.946,0.0635,0.0,116.27
2,16,10.0,0.001,1.0,19,0.8294,0.0637,0.0,113.98
2,16,10.0,0.001,1.0,20,0.7564,0.0632,0.0,116.27
2,16,10.0,0.001,1.0,21,0.6876,0.0633,0.0,113.71
2,16,10.0,0.001,1.0,22,0.6259,0.0632,0.0,114.27
2,16,10.0,0.001,1.0,23,0.5741,0.0621,0.0,115.07
2,16,10.0,0.001,1.0,24,0.5339,0.0616,0.0,114.82
2,16,10.0,0.001,1.0,25,0.5,0.0608,0.0,114.96
2,16,10.0,0.001,1.0,26,0.4602,0.0606,0.0,114.47
2,16,10.0,0.001,1.0,27,0.4486,0.0599,0.0,116.02
2,16,10.0,0.001,1.0,28,0.4165,0.0594,0.0,115.54
2,16,10.0,0.001,1.0,29,0.3896,0.0601,0.0,112.84
2,16,10.0,0.001,1.0,30,0.3731,0.0599,0.0,113.02
2,16,10.0,0.001,1.0,31,0.3578,0.059,0.0,112.98
2,16,10.0,0.001,1.0,32,0.3406,0.058,0.0,113.62
2,16,10.0,0.001,1.0,33,0.3276,0.0574,0.0,114.06
2,16,10.0,0.001,1.0,34,0.3143,0.0583,0.0,110.76
2,16,10.0,0.001,1.0,35,0.3037,0.0575,0.0,111.8
2,16,10.0,0.001,1.0,36,0.2918,0.0574,0.0,111.11
2,16,10.0,0.001,1.0,37,0.2803,0.0562,0.0,nan
2,16,10.0,0.001,1.0,38,0.2712,0.0562,0.0,nan
2,16,10.0,0.001,1.0,39,0.2642,0.0567,0.0,nan
2,16,10.0,0.001,1.0,40,0.253,0.0556,0.0,nan
2,16,10.0,0.001,0.9,0,2.5109,0.5861,0.3306,22.77
2,16,10.0,0.001,0.9,1,2.4833,0.3725,0.0677,29.04
2,16,10.0,0.001,0.9,2,2.4364,0.3256,0.0151,31.15
2,16,10.0,0.001,0.9,3,2.3998,0.316,0.0049,30.88
2,16,10.0,0.001,0.9,4,2.3635,0.307,0.0006,30.69
2,16,10.0,0.001,0.9,5,2.3025,0.3005,0.0001,30.27
2,16,10.0,0.001,0.9,6,2.2669,0.2967,0.0,29.59
2,16,10.0,0.001,0.9,7,2.2058,0.2902,0.0,29.14
2,16,10.0,0.001,0.9,8,2.1469,0.2807,0.0,28.97
2,16,10.0,0.001,0.9,9,2.0651,0.2774,0.0,28.32
2,16,10.0,0.001,0.9,10,1.9934,0.2676,0.0,28.51
2,16,10.0,0.001,0.9,11,1.9048,0.2592,0.0,28.45
2,16,10.0,0.001,0.9,12,1.7925,0.2463,0.0,28.9
2,16,10.0,0.001,0.9,13,1.6708,0.2265,0.0,30.73
2,16,10.0,0.001,0.9,14,1.5119,0.2141,0.0,31.56
2,16,10.0,0.001,0.9,15,1.3703,0.1991,0.0,33.47
2,16,10.0,0.001,0.9,16,1.2019,0.1818,0.0,36.24
2,16,10.0,0.001,0.9,17,1.0662,0.164,0.0,40.29
2,16,10.0,0.001,0.9,18,0.946,0.1545,0.0,41.66
2,16,10.0,0.001,0.9,19,0.8294,0.1426,0.0,45.54
2,16,10.0,0.001,0.9,20,0.7564,0.1332,0.0,47.9
2,16,10.0,0.001,0.9,21,0.6876,0.1252,0.0,50.97
2,16,10.0,0.001,0.9,22,0.6259,0.1215,0.0,52.85
2,16,10.0,0.001,0.9,23,0.5741,0.1131,0.0,56.17
2,16,10.0,0.001,0.9,24,0.5339,0.1092,0.0,57.07
2,16,10.0,0.001,0.9,25,0.5,0.1047,0.0,59.35
2,16,10.0,0.001,0.9,26,0.4602,0.1004,0.0,62.18
2,16,10.0,0.001,0.9,27,0.4486,0.0989,0.0,61.65
2,16,10.0,0.001,0.9,28,0.4165,0.0949,0.0,64.53
2,16,10.0,0.001,0.9,29,0.3896,0.0951,0.0,63.33
2,16,10.0,0.001,0.9,30,0.3731,0.0927,0.0,64.57
2,16,10.0,0.001,0.9,31,0.3578,0.09,0.0,65.76
2,16,10.0,0.001,0.9,32,0.3406,0.0862,0.0,67.77
2,16,10.0,0.001,0.9,33,0.3276,0.0847,0.0,68.64
2,16,10.0,0.001,0.9,34,0.3143,0.0855,0.0,67.29
2,16,10.0,0.001,0.9,35,0.3037,0.0827,0.0,69.92
2,16,10.0,0.001,0.9,36,0.2918,0.0822,0.0,69.25
2,16,10.0,0.001,0.9,37,0.2803,0.0771,0.0,74.23
2,16,10.0,0.001,0.9,38,0.2712,0.0782,0.0,72.35
2,16,10.0,0.001,0.9,39,0.2642,0.0786,0.0,71.04
2,16,10.0,0.001,0.9,40,0.253,0.0762,0.0,73.37
