d,a0,r,ess_N1,ess_N1_sd,ess_N4,ess_N4_sd,ess_N16,ess_N16_sd,ess_N64,ess_N64_sd,ess_N256,ess_N256_sd,ess_inf,ess_inf_sd,ess_sq,ess_sq_sd,ratio_1_inf,ratio_approx,balanced_ess
1,1.0,0.9,0.249,0.004,0.228,0.001,0.208,0.001,0.201,0.001,0.199,0.0,0.198,0.0,0.291,0.001,1.258,0.658,0.111
1,1.0,0.5,1.659,0.014,1.573,0.01,1.473,0.005,1.43,0.004,1.418,0.004,1.414,0.004,1.804,0.005,1.173,0.5,1.0
1,1.0,0.2,5.304,0.043,5.162,0.044,4.929,0.011,4.811,0.009,4.771,0.008,4.756,0.008,5.53,0.007,1.115,0.345,4.0
1,1.0,0.05,20.865,0.092,20.743,0.07,20.474,0.029,20.182,0.002,20.018,0.005,19.95,0.003,20.906,0.015,1.046,0.22,19.0
1,1.0,0.01,101.342,0.872,100.945,0.628,100.924,0.255,100.678,0.065,100.293,0.021,100.023,0.015,101.005,0.015,1.013,0.149,99.0
1,10.0,0.9,0.081,0.001,0.068,0.0,0.062,0.0,0.061,0.0,0.061,0.0,0.061,0.0,0.146,0.0,1.328,2.276,0.011
1,10.0,0.5,0.504,0.006,0.443,0.003,0.41,0.002,0.402,0.002,0.4,0.002,0.399,0.002,0.728,0.002,1.263,1.73,0.1
1,10.0,0.2,1.132,0.029,0.992,0.007,0.945,0.005,0.931,0.005,0.927,0.005,0.926,0.005,1.618,0.005,1.222,1.192,0.4
1,10.0,0.05,3.262,0.045,3.03,0.02,2.87,0.013,2.803,0.012,2.784,0.012,2.777,0.012,3.735,0.013,1.175,0.76,1.9
1,10.0,0.01,11.705,0.17,11.57,0.048,11.251,0.075,11.003,0.049,10.913,0.044,10.878,0.042,11.88,0.056,1.076,0.515,9.9
1,100.0,0.9,0.039,0.0,0.032,0.0,0.03,0.0,0.03,0.0,0.029,0.0,0.029,0.0,0.113,0.0,1.345,4.38,0.001
1,100.0,0.5,0.249,0.001,0.208,0.0,0.197,0.0,0.194,0.0,0.194,0.0,0.194,0.0,0.565,0.0,1.284,3.329,0.01
1,100.0,0.2,0.555,0.001,0.481,0.001,0.457,0.0,0.451,0.0,0.45,0.0,0.449,0.0,0.903,0.0,1.236,2.294,0.04
1,100.0,0.05,0.949,0.002,0.882,0.001,0.848,0.001,0.839,0.001,0.837,0.001,0.837,0.001,1.708,0.004,1.134,1.464,0.19
1,100.0,0.01,2.274,0.029,2.025,0.007,1.92,0.003,1.887,0.003,1.878,0.003,1.875,0.003,2.921,0.005,1.213,0.992,0.99
2,1.0,0.9,0.314,0.006,0.277,0.002,0.243,0.001,0.232,0.001,0.229,0.001,0.228,0.001,0.371,0.001,1.377,1.043,0.111
2,1.0,0.5,2.032,0.022,1.879,0.005,1.712,0.004,1.643,0.003,1.624,0.004,1.618,0.003,2.268,0.004,1.256,0.792,1.0
2,1.0,0.2,5.976,0.022,5.766,0.019,5.431,0.006,5.217,0.004,5.148,0.004,5.123,0.004,6.267,0.007,1.167,0.546,4.0
2,1.0,0.05,21.564,0.057,21.497,0.02,21.204,0.017,20.761,0.02,20.524,0.017,20.42,0.018,21.836,0.018,1.056,0.348,19.0
2,1.0,0.01,101.418,0.804,101.655,0.164,101.728,0.22,101.337,0.014,100.91,0.03,100.483,0.02,101.975,0.021,1.009,0.236,99.0
2,10.0,0.9,0.141,0.002,0.099,0.0,0.085,0.0,0.082,0.0,0.082,0.0,0.081,0.0,0.23,0.0,1.741,2.89,0.011
2,10.0,0.5,0.897,0.014,0.64,0.002,0.558,0.001,0.541,0.001,0.537,0.001,0.536,0.001,1.202,0.0,1.674,2.196,0.1
2,10.0,0.2,1.855,0.005,1.567,0.002,1.386,0.001,1.34,0.0,1.328,0.0,1.325,0.001,2.332,0.005,1.4,1.513,0.4
2,10.0,0.05,4.119,0.022,3.792,0.009,3.462,0.005,3.324,0.005,3.286,0.005,3.273,0.005,4.671,0.007,1.258,0.965,1.9
2,10.0,0.01,12.675,0.026,12.433,0.025,11.964,0.012,11.601,0.008,11.453,0.005,11.396,0.005,12.884,0.015,1.112,0.654,9.9
2,100.0,0.9,0.096,0.001,0.051,0.0,0.046,0.0,0.045,0.0,0.044,0.0,0.044,0.0,0.205,0.0,2.182,5.033,0.001
2,100.0,0.5,0.63,0.007,0.335,0.0,0.3,0.0,0.294,0.0,0.292,0.0,0.292,0.0,1.028,0.0,2.158,3.826,0.01
2,100.0,0.2,1.234,0.004,0.772,0.0,0.696,0.0,0.682,0.0,0.679,0.0,0.678,0.0,1.739,0.001,1.82,2.636,0.04
2,100.0,0.05,1.834,0.001,1.519,0.001,1.379,0.0,1.348,0.0,1.34,0.0,1.338,0.0,2.585,0.006,1.371,1.682,0.19
2,100.0,0.01,3.144,0.013,2.811,0.003,2.572,0.002,2.493,0.002,2.472,0.002,2.465,0.002,3.899,0.008,1.275,1.14,0.99
4,1.0,0.9,0.466,0.009,0.402,0.001,0.321,0.001,0.296,0.001,0.29,0.0,0.288,0.0,0.547,0.001,1.618,1.528,0.111
4,1.0,0.5,2.944,0.005,2.647,0.006,2.232,0.001,2.064,0.002,2.023,0.002,2.009,0.002,3.225,0.004,1.465,1.161,1.0
4,1.0,0.2,7.442,0.011,7.092,0.01,6.477,0.013,6.072,0.012,5.951,0.01,5.911,0.01,7.827,0.006,1.259,0.8,4.0
4,1.0,0.05,23.454,0.025,23.29,0.081,22.725,0.062,21.969,0.037,21.563,0.033,21.387,0.03,23.742,0.025,1.097,0.51,19.0
4,1.0,0.01,103.487,0.566,103.709,0.181,103.556,0.247,102.962,0.086,102.151,0.071,101.463,0.051,103.933,0.054,1.02,0.346,99.0
4,10.0,0.9,0.305,0.006,0.188,0.001,0.131,0.0,0.124,0.0,0.122,0.0,0.122,0.0,0.418,0.0,2.5,3.525,0.011
4,10.0,0.5,1.765,0.008,1.193,0.004,0.86,0.001,0.813,0.001,0.803,0.001,0.8,0.001,2.159,0.0,2.206,2.679,0.1
4,10.0,0.2,3.317,0.003,2.63,0.003,2.1,0.001,1.979,0.001,1.955,0.001,1.947,0.001,3.841,0.002,1.704,1.846,0.4
4,10.0,0.05,5.84,0.016,5.295,0.009,4.643,0.006,4.386,0.005,4.318,0.005,4.295,0.005,6.516,0.007,1.36,1.178,1.9
4,10.0,0.01,14.504,0.046,14.174,0.02,13.428,0.007,12.772,0.002,12.523,0.0,12.426,0.001,14.857,0.008,1.167,0.798,9.9
4,100.0,0.9,0.276,0.002,0.112,0.001,0.077,0.0,0.074,0.0,0.074,0.0,0.074,0.0,0.402,0.0,3.73,5.689,0.001
4,100.0,0.5,1.543,0.008,0.726,0.003,0.509,0.0,0.489,0.0,0.485,0.0,0.484,0.0,2.018,0.0,3.188,4.324,0.01
4,100.0,0.2,2.666,0.003,1.588,0.005,1.193,0.001,1.146,0.001,1.136,0.001,1.133,0.001,3.327,0.002,2.353,2.979,0.04
4,100.0,0.05,3.62,0.007,2.79,0.008,2.307,0.003,2.216,0.003,2.196,0.002,2.189,0.002,4.337,0.009,1.654,1.901,0.19
4,100.0,0.01,4.969,0.011,4.41,0.015,3.846,0.006,3.716,0.006,3.683,0.006,3.672,0.006,5.856,0.003,1.353,1.289,0.99
8,1.0,0.9,0.854,0.014,0.724,0.004,0.494,0.0,0.42,0.0,0.406,0.0,0.401,0.0,0.926,0.0,2.13,2.085,0.111
8,1.0,0.5,4.818,0.023,4.316,0.014,3.331,0.002,2.896,0.001,2.803,0.001,2.773,0.001,5.162,0.001,1.737,1.585,1.0
8,1.0,0.2,10.494,0.024,9.904,0.019,8.686,0.011,7.824,0.005,7.575,0.005,7.489,0.005,10.946,0.006,1.401,1.092,4.0
8,1.0,0.05,27.227,0.06,26.832,0.075,25.844,0.024,24.439,0.008,23.679,0.007,23.356,0.007,27.53,0.008,1.166,0.697,19.0
8,1.0,0.01,107.667,0.214,107.662,0.142,107.255,0.034,106.204,0.034,104.751,0.016,103.481,0.01,107.907,0.005,1.04,0.472,99.0
8,10.0,0.9,0.715,0.008,0.54,0.004,0.231,0.0,0.203,0.0,0.199,0.0,0.197,0.0,0.813,0.0,3.629,4.171,0.011
8,10.0,0.5,3.667,0.019,2.918,0.003,1.528,0.001,1.35,0.001,1.319,0.001,1.31,0.001,4.13,0.0,2.799,3.17,0.1
8,10.0,0.2,6.344,0.007,5.311,0.003,3.622,0.002,3.24,0.001,3.165,0.002,3.142,0.002,6.973,0.001,2.019,2.184,0.4
8,10.0,0.05,9.489,0.005,8.645,0.007,7.216,0.006,6.597,0.004,6.447,0.004,6.398,0.004,10.204,0.004,1.483,1.394,1.9
8,10.0,0.01,18.341,0.023,17.786,0.011,16.488,0.008,15.24,0.003,14.761,0.002,14.587,0.002,18.807,0.006,1.257,0.945,9.9
8,100.0,0.9,0.683,0.011,0.512,0.001,0.144,0.0,0.131,0.0,0.129,0.0,0.129,0.0,0.801,0.0,5.295,6.346,0.001
8,100.0,0.5,3.531,0.003,2.638,0.004,0.944,0.0,0.863,0.0,0.85,0.0,0.846,0.0,4.013,0.0,4.174,4.823,0.01
8,100.0,0.2,5.754,0.001,4.361,0.001,2.213,0.0,2.029,0.001,1.997,0.001,1.988,0.001,6.485,0.001,2.894,3.323,0.04
8,100.0,0.05,7.31,0.004,6.021,0.001,4.195,0.0,3.875,0.001,3.815,0.001,3.796,0.001,7.965,0.002,1.926,2.12,0.19
8,100.0,0.01,8.846,0.002,7.924,0.004,6.691,0.002,6.252,0.002,6.149,0.002,6.115,0.002,9.776,0.006,1.447,1.437,0.99
16,1.0,0.9,1.63,0.058,1.485,0.012,0.976,0.004,0.66,0.001,0.619,0.001,0.607,0.001,1.72,0.0,2.685,2.689,0.111
16,1.0,0.5,8.682,0.029,8.046,0.014,5.977,0.003,4.494,0.001,4.219,0.001,4.138,0.001,9.102,0.001,2.098,2.044,1.0
16,1.0,0.2,16.698,0.047,15.879,0.006,13.571,0.003,11.358,0.003,10.718,0.003,10.516,0.003,17.262,0.004,1.588,1.408,4.0
16,1.0,0.05,34.706,0.096,34.126,0.033,32.358,0.013,29.621,0.009,28.065,0.009,27.432,0.007,35.101,0.001,1.265,0.898,19.0
16,1.0,0.01,115.612,0.228,115.51,0.075,114.707,0.023,112.686,0.023,109.92,0.011,107.497,0.003,115.823,0.01,1.075,0.609,99.0
16,10.0,0.9,1.49,0.051,1.347,0.009,0.589,0.001,0.355,0.0,0.34,0.0,0.336,0.0,1.612,0.0,4.435,4.823,0.011
16,10.0,0.5,7.62,0.014,6.834,0.007,3.485,0.003,2.36,0.001,2.258,0.001,2.23,0.001,8.114,0.0,3.417,3.665,0.1
16,10.0,0.2,12.587,0.013,11.391,0.007,7.365,0.004,5.605,0.001,5.369,0.001,5.3,0.001,13.324,0.001,2.375,2.526,0.4
16,10.0,0.05,16.902,0.015,15.804,0.01,12.943,0.003,10.967,0.002,10.533,0.002,10.397,0.002,17.717,0.006,1.626,1.611,1.9
16,10.0,0.01,26.074,0.03,25.305,0.015,23.098,0.005,20.589,0.005,19.614,0.005,19.27,0.006,26.73,0.009,1.353,1.092,9.9
16,100.0,0.9,1.466,0.013,1.334,0.005,0.398,0.001,0.24,0.0,0.232,0.0,0.23,0.0,1.601,0.0,6.374,7.003,0.001
16,100.0,0.5,7.504,0.025,6.704,0.016,2.373,0.001,1.583,0.0,1.535,0.0,1.521,0.0,8.011,0.0,4.934,5.322,0.01
16,100.0,0.2,12.1,0.009,10.725,0.002,4.999,0.001,3.712,0.0,3.599,0.0,3.567,0.0,12.857,0.0,3.392,3.668,0.04
16,100.0,0.05,14.776,0.006,13.269,0.001,8.678,0.002,7.036,0.001,6.825,0.0,6.763,0.0,15.596,0.001,2.185,2.34,0.19
16,100.0,0.01,16.662,0.001,15.556,0.004,12.792,0.002,11.144,0.001,10.819,0.001,10.72,0.001,17.621,0.005,1.554,1.586,0.99
32,1.0,0.9,3.113,0.184,3.078,0.083,2.453,0.021,1.165,0.001,1.006,0.001,0.972,0.001,3.315,0.0,3.203,3.319,0.111
32,1.0,0.5,16.608,0.125,15.932,0.077,12.993,0.037,7.765,0.002,6.799,0.002,6.57,0.002,17.058,0.001,2.528,2.522,1.0
32,1.0,0.2,29.279,0.056,28.298,0.019,24.695,0.02,18.63,0.003,16.667,0.004,16.11,0.004,29.937,0.003,1.817,1.738,4.0
32,1.0,0.05,49.731,0.134,48.936,0.124,46.154,0.038,40.764,0.023,37.34,0.005,35.991,0.008,50.285,0.007,1.382,1.109,19.0
32,1.0,0.01,131.341,0.082,131.205,0.147,129.793,0.108,126.075,0.024,120.577,0.041,115.738,0.032,131.677,0.055,1.135,0.752,99.0
32,10.0,0.9,3.099,0.081,2.974,0.04,2.266,0.007,0.665,0.001,0.601,0.0,0.587,0.0,3.212,0.0,5.279,5.478,0.011
32,10.0,0.5,15.568,0.077,14.806,0.029,11.291,0.008,4.399,0.001,3.987,0.001,3.896,0.001,16.107,0.0,3.996,4.163,0.1
32,10.0,0.2,25.276,0.033,24.053,0.012,18.59,0.008,10.332,0.002,9.423,0.001,9.204,0.001,26.064,0.001,2.746,2.869,0.4
32,10.0,0.05,31.905,0.015,30.65,0.007,26.224,0.003,19.703,0.001,18.163,0.0,17.744,0.0,32.791,0.009,1.798,1.83,1.9
32,10.0,0.01,41.767,0.008,40.729,0.009,37.467,0.009,32.458,0.012,30.308,0.006,29.592,0.005,42.554,0.015,1.411,1.241,9.9
32,100.0,0.9,3.175,0.024,3.018,0.047,2.259,0.004,0.459,0.0,0.427,0.0,0.42,0.0,3.201,0.0,7.56,7.661,0.001
32,100.0,0.5,15.577,0.035,14.777,0.011,11.081,0.004,3.027,0.0,2.817,0.0,2.771,0.0,16.011,0.0,5.621,5.822,0.01
32,100.0,0.2,24.87,0.039,23.576,0.004,17.062,0.002,7.066,0.0,6.595,0.0,6.484,0.0,25.648,0.0,3.836,4.012,0.04
32,100.0,0.05,29.865,0.014,28.277,0.006,21.84,0.003,13.3,0.001,12.457,0.001,12.245,0.001,30.717,0.001,2.439,2.56,0.19
32,100.0,0.01,32.405,0.01,31.115,0.005,26.905,0.002,20.8,0.001,19.581,0.001,19.246,0.001,33.323,0.005,1.684,1.735,0.99
64,1.0,0.9,5.991,0.505,6.1,0.127,5.608,0.024,2.839,0.011,1.733,0.003,1.623,0.002,6.513,0.0,3.691,3.962,0.111
64,1.0,0.5,32.516,0.506,31.714,0.048,28.753,0.026,16.688,0.005,11.606,0.003,10.875,0.002,33.03,0.002,2.99,3.011,1.0
64,1.0,0.2,54.684,0.219,53.586,0.07,49.143,0.02,35.534,0.012,27.878,0.008,26.173,0.006,55.429,0.011,2.089,2.075,4.0
64,1.0,0.05,79.836,0.183,78.838,0.096,75.049,0.073,65.297,0.026,56.854,0.024,53.575,0.017,80.599,0.012,1.49,1.324,19.0
64,1.0,0.01,162.548,0.728,162.029,0.408,160.093,0.056,153.652,0.03,142.797,0.058,132.804,0.039,163.337,0.024,1.224,0.897,99.0
64,10.0,0.9,6.223,0.291,6.132,0.186,5.511,0.076,1.924,0.002,1.094,0.001,1.046,0.001,6.411,0.0,5.949,6.134,0.011
64,10.0,0.5,31.639,0.159,30.793,0.068,27.54,0.06,10.851,0.003,7.252,0.002,6.933,0.002,32.103,0.0,4.564,4.662,0.1
64,10.0,0.2,50.714,0.114,49.545,0.099,44.173,0.028,22.786,0.008,17.057,0.004,16.311,0.003,51.634,0.001,3.109,3.213,0.4
64,10.0,0.05,62.132,0.059,60.787,0.025,55.328,0.016,39.555,0.012,32.544,0.008,31.136,0.007,63.046,0.006,1.996,2.05,1.9
64,10.0,0.01,73.453,0.154,72.18,0.067,67.935,0.028,58.733,0.007,52.285,0.006,50.157,0.005,74.181,0.017,1.464,1.389,9.9
64,100.0,0.9,6.519,0.016,6.258,0.048,5.535,0.007,1.395,0.002,0.797,0.0,0.771,0.0,6.401,0.0,8.455,8.318,0.001
64,100.0,0.5,31.558,0.109,30.806,0.072,27.5,0.026,7.717,0.004,5.263,0.001,5.091,0.001,32.01,0.0,6.199,6.322,0.01
64,100.0,0.2,50.452,0.053,49.242,0.023,43.564,0.031,16.318,0.001,12.302,0.001,11.9,0.001,51.243,0.0,4.24,4.356,0.04
64,100.0,0.05,60.166,0.053,58.602,0.044,51.475,0.006,28.556,0.004,23.169,0.002,22.413,0.002,61.055,0.0,2.684,2.779,0.19
64,100.0,0.01,63.913,0.005,62.538,0.012,57.366,0.016,42.236,0.008,36.231,0.002,35.054,0.002,64.867,0.003,1.823,1.884,0.99
