p,r,n,worth,se
0.99,0,0,122.577,0.483
0.9,0,0,24.771,0.047
0.9,-1,0,40.485,0.093
1.0,0.5,0,7.633,0.027
1.0,0.5,1,7.138,0.025
1.0,0.5,10,2.952,0.005
1.0,0.5,100,0.12,0.0
0.99,0.5,0,7.485,0.026
0.99,0.5,1,7.013,0.023
0.99,0.5,10,2.909,0.006
0.99,0.5,100,0.121,0.001
0.9,0.5,0,6.323,0.021
0.9,0.5,1,6.018,0.033
0.9,0.5,10,2.614,0.007
0.9,0.5,100,0.114,0.001
1.0,0.2,0,12.605,0.017
1.0,0.2,1,11.851,0.018
1.0,0.2,10,5.524,0.009
1.0,0.2,100,0.479,0.001
0.99,0.2,0,12.409,0.017
0.99,0.2,1,11.696,0.018
0.99,0.2,10,5.476,0.01
0.99,0.2,100,0.475,0.002
0.9,0.2,0,10.978,0.024
0.9,0.2,1,10.612,0.028
0.9,0.2,10,5.067,0.015
0.9,0.2,100,0.432,0.002
1.0,0.1,0,14.864,0.02
1.0,0.1,1,14.045,0.021
1.0,0.1,10,7.348,0.02
1.0,0.1,100,1.073,0.002
0.99,0.1,0,14.638,0.018
0.99,0.1,1,13.89,0.021
0.99,0.1,10,7.268,0.02
0.99,0.1,100,1.062,0.002
0.9,0.1,0,13.146,0.014
0.9,0.1,1,12.824,0.02
0.9,0.1,10,6.623,0.013
0.9,0.1,100,0.963,0.003
1.0,0.05,0,16.895,0.019
1.0,0.05,1,16.078,0.025
1.0,0.05,10,9.654,0.027
1.0,0.05,100,2.28,0.012
0.99,0.05,0,16.586,0.016
0.99,0.05,1,15.876,0.019
0.99,0.05,10,9.507,0.028
0.99,0.05,100,2.257,0.012
0.9,0.05,0,14.802,0.02
0.9,0.05,1,14.592,0.019
0.9,0.05,10,8.335,0.024
0.9,0.05,100,2.052,0.011
1.0,0.02,0,20.731,0.032
1.0,0.02,1,19.987,0.035
1.0,0.02,10,14.512,0.012
1.0,0.02,100,5.848,0.02
0.99,0.02,0,19.945,0.033
0.99,0.02,1,19.551,0.036
0.99,0.02,10,14.101,0.015
0.99,0.02,100,5.786,0.021
0.9,0.02,0,16.752,0.02
0.9,0.02,1,16.999,0.032
0.9,0.02,10,11.28,0.029
0.9,0.02,100,5.231,0.023
1.0,0.01,0,26.107,0.021
1.0,0.01,1,25.518,0.021
1.0,0.01,10,21.055,0.022
1.0,0.01,100,11.689,0.027
0.99,0.01,0,24.247,0.025
0.99,0.01,1,24.439,0.027
0.99,0.01,10,20.124,0.03
0.99,0.01,100,11.558,0.025
0.9,0.01,0,18.326,0.036
0.9,0.01,1,19.378,0.047
0.9,0.01,10,14.38,0.015
0.9,0.01,100,10.382,0.019
1.0,0.005,0,36.415,0.044
1.0,0.005,1,35.974,0.05
1.0,0.005,10,32.647,0.038
1.0,0.005,100,23.142,0.012
0.99,0.005,0,31.46,0.04
0.99,0.005,1,33.123,0.058
0.99,0.005,10,30.291,0.042
0.99,0.005,100,22.855,0.013
0.9,0.005,0,19.977,0.045
0.9,0.005,1,22.325,0.046
0.9,0.005,10,18.368,0.023
0.9,0.005,100,20.324,0.024
1.0,0.002,0,66.659,0.051
1.0,0.002,1,66.395,0.052
1.0,0.002,10,64.401,0.024
1.0,0.002,100,56.035,0.016
0.99,0.002,0,47.584,0.068
0.99,0.002,1,54.925,0.086
0.99,0.002,10,55.586,0.062
0.99,0.002,100,55.132,0.017
0.9,0.002,0,21.981,0.055
0.9,0.002,1,26.639,0.06
0.9,0.002,10,24.645,0.044
0.9,0.002,100,47.517,0.052
1.0,0.001,0,116.962,0.027
1.0,0.001,1,116.805,0.023
1.0,0.001,10,115.616,0.034
1.0,0.001,100,108.674,0.057
0.99,0.001,0,64.514,0.139
0.99,0.001,1,82.508,0.134
0.99,0.001,10,89.794,0.045
0.99,0.001,100,106.344,0.052
0.9,0.001,0,23.137,0.049
0.9,0.001,1,29.476,0.086
0.9,0.001,10,29.291,0.059
0.9,0.001,100,87.493,0.057
